Key,CreationDate,ResolutionDate,OpeningVersionIndex,OpeningVersionName,FixedVersionIndex,FixedVersionName,InjectedVersionIndex,InjectedVersionName,AffectedVersionIndices,AffectedVersionNames,NumAssociatedCommits
STORM-181,2013-12-20,2014-01-08,2,0.9.1-incubating,2,0.9.1-incubating,2,0.9.1-incubating,,,0
STORM-198,2014-01-26,2014-02-05,2,0.9.1-incubating,2,0.9.1-incubating,2,0.9.1-incubating,,,0
STORM-237,2014-02-10,2014-02-10,2,0.9.1-incubating,2,0.9.1-incubating,2,0.9.1-incubating,,,0
STORM-187,2013-12-26,2014-03-05,2,0.9.1-incubating,3,0.9.2-incubating,1,0.9.0.1,,,0
STORM-186,2013-12-24,2014-03-12,2,0.9.1-incubating,3,0.9.2-incubating,1,0.9.0.1,,,3
STORM-146,2013-12-15,2014-03-12,2,0.9.1-incubating,3,0.9.2-incubating,1,0.9.0.1,,,0
STORM-259,2014-03-20,2014-03-20,3,0.9.2-incubating,3,0.9.2-incubating,3,0.9.2-incubating,,,1
STORM-273,2014-04-03,2014-04-08,3,0.9.2-incubating,3,0.9.2-incubating,3,0.9.2-incubating,,,3
STORM-275,2014-04-03,2014-04-11,3,0.9.2-incubating,3,0.9.2-incubating,3,0.9.2-incubating,3,0.9.2-incubating,0
STORM-196,2014-01-15,2014-04-11,2,0.9.1-incubating,3,0.9.2-incubating,1,0.9.0.1,,,2
STORM-285,2014-04-16,2014-04-18,3,0.9.2-incubating,3,0.9.2-incubating,3,0.9.2-incubating,,,1
STORM-194,2014-01-12,2014-04-22,2,0.9.1-incubating,3,0.9.2-incubating,1,0.9.0.1,,,2
STORM-290,2014-04-22,2014-04-24,3,0.9.2-incubating,3,0.9.2-incubating,3,0.9.2-incubating,3,0.9.2-incubating,0
STORM-289,2014-04-22,2014-04-24,3,0.9.2-incubating,3,0.9.2-incubating,3,0.9.2-incubating,3,0.9.2-incubating,0
STORM-287,2014-04-19,2014-04-24,3,0.9.2-incubating,3,0.9.2-incubating,3,0.9.2-incubating,,,0
STORM-294,2014-04-23,2014-04-25,3,0.9.2-incubating,3,0.9.2-incubating,3,0.9.2-incubating,3,0.9.2-incubating,2
STORM-286,2014-04-19,2014-04-25,3,0.9.2-incubating,3,0.9.2-incubating,3,0.9.2-incubating,,,0
STORM-281,2014-04-10,2014-04-25,3,0.9.2-incubating,3,0.9.2-incubating,3,0.9.2-incubating,,,1
STORM-238,2014-02-10,2014-04-25,2,0.9.1-incubating,3,0.9.2-incubating,1,0.9.0.1,,,3
STORM-113,2013-12-14,2014-05-02,2,0.9.1-incubating,3,0.9.2-incubating,1,0.9.0.1,,,3
STORM-296,2014-04-25,2014-05-06,3,0.9.2-incubating,3,0.9.2-incubating,3,0.9.2-incubating,3,0.9.2-incubating,5
STORM-298,2014-04-25,2014-05-14,3,0.9.2-incubating,3,0.9.2-incubating,3,0.9.2-incubating,,,4
STORM-280,2014-04-09,2014-05-14,3,0.9.2-incubating,3,0.9.2-incubating,3,0.9.2-incubating,,,4
STORM-295,2014-04-24,2014-05-19,3,0.9.2-incubating,3,0.9.2-incubating,3,0.9.2-incubating,,,6
STORM-264,2014-03-24,2014-05-19,3,0.9.2-incubating,3,0.9.2-incubating,3,0.9.2-incubating,,,2
STORM-303,2014-04-28,2014-05-20,3,0.9.2-incubating,3,0.9.2-incubating,3,0.9.2-incubating,3,0.9.2-incubating,2
STORM-267,2014-03-26,2014-05-20,3,0.9.2-incubating,3,0.9.2-incubating,3,0.9.2-incubating,,,3
STORM-269,2014-03-27,2014-05-21,3,0.9.2-incubating,3,0.9.2-incubating,3,0.9.2-incubating,3,0.9.2-incubating,2
STORM-326,2014-05-19,2014-05-29,3,0.9.2-incubating,3,0.9.2-incubating,1,0.9.0.1,1|2|3,0.9.0.1|0.9.1-incubating|0.9.2-incubating,1
STORM-313,2014-05-07,2014-06-06,3,0.9.2-incubating,3,0.9.2-incubating,3,0.9.2-incubating,,,3
STORM-244,2014-02-25,2014-06-06,3,0.9.2-incubating,3,0.9.2-incubating,3,0.9.2-incubating,,,5
STORM-343,2014-06-09,2014-06-09,3,0.9.2-incubating,3,0.9.2-incubating,3,0.9.2-incubating,,,0
STORM-335,2014-05-30,2014-06-09,3,0.9.2-incubating,3,0.9.2-incubating,3,0.9.2-incubating,,,3
STORM-297,2014-04-25,2014-06-09,3,0.9.2-incubating,3,0.9.2-incubating,3,0.9.2-incubating,,,31
STORM-344,2014-06-10,2014-06-12,3,0.9.2-incubating,3,0.9.2-incubating,3,0.9.2-incubating,,,3
STORM-342,2014-06-09,2014-06-12,3,0.9.2-incubating,3,0.9.2-incubating,3,0.9.2-incubating,,,4
STORM-338,2014-06-04,2014-06-12,3,0.9.2-incubating,3,0.9.2-incubating,3,0.9.2-incubating,3,0.9.2-incubating,2
STORM-352,2014-06-13,2014-06-13,3,0.9.2-incubating,3,0.9.2-incubating,3,0.9.2-incubating,3,0.9.2-incubating,2
STORM-358,2014-06-17,2014-06-17,3,0.9.2-incubating,3,0.9.2-incubating,3,0.9.2-incubating,,,0
STORM-357,2014-06-17,2014-06-17,3,0.9.2-incubating,3,0.9.2-incubating,3,0.9.2-incubating,,,3
STORM-260,2014-03-21,2014-06-18,3,0.9.2-incubating,3,0.9.2-incubating,3,0.9.2-incubating,3,0.9.2-incubating,2
STORM-355,2014-06-17,2014-06-24,3,0.9.2-incubating,3,0.9.2-incubating,3,0.9.2-incubating,3,0.9.2-incubating,4
STORM-183,2013-12-23,2014-06-25,2,0.9.1-incubating,3,0.9.2-incubating,2,0.9.1-incubating,,,7
STORM-372,2014-06-25,2014-06-30,3,0.9.2-incubating,4,0.9.3,3,0.9.2-incubating,3,0.9.2-incubating,3
STORM-370,2014-06-24,2014-06-30,3,0.9.2-incubating,4,0.9.3,3,0.9.2-incubating,3,0.9.2-incubating,3
STORM-395,2014-07-08,2014-07-09,4,0.9.3,4,0.9.3,4,0.9.3,,,2
STORM-351,2014-06-13,2014-07-10,3,0.9.2-incubating,4,0.9.3,3,0.9.2-incubating,4,0.9.3,3
STORM-381,2014-07-01,2014-07-15,4,0.9.3,4,0.9.3,3,0.9.2-incubating,3,0.9.2-incubating,4
STORM-328,2014-05-20,2014-07-15,3,0.9.2-incubating,4,0.9.3,1,0.9.0.1,1|2|3,0.9.0.1|0.9.1-incubating|0.9.2-incubating,5
STORM-403,2014-07-16,2014-07-21,4,0.9.3,4,0.9.3,4,0.9.3,,,5
STORM-402,2014-07-14,2014-07-21,4,0.9.3,4,0.9.3,3,0.9.2-incubating,3|4,0.9.2-incubating|0.9.3,2
STORM-254,2014-03-06,2014-07-21,3,0.9.2-incubating,4,0.9.3,3,0.9.2-incubating,3,0.9.2-incubating,5
STORM-420,2014-07-24,2014-07-24,4,0.9.3,4,0.9.3,3,0.9.2-incubating,3,0.9.2-incubating,1
STORM-399,2014-07-09,2014-07-24,4,0.9.3,4,0.9.3,3,0.9.2-incubating,3,0.9.2-incubating,5
STORM-419,2014-07-23,2014-07-25,4,0.9.3,4,0.9.3,4,0.9.3,,,4
STORM-415,2014-07-21,2014-07-25,4,0.9.3,4,0.9.3,4,0.9.3,,,4
STORM-155,2013-12-15,2014-07-25,2,0.9.1-incubating,4,0.9.3,2,0.9.1-incubating,,,4
STORM-347,2014-06-10,2014-07-28,3,0.9.2-incubating,4,0.9.3,3,0.9.2-incubating,,,6
STORM-406,2014-07-17,2014-07-29,4,0.9.3,4,0.9.3,1,0.9.0.1,1|2|3,0.9.0.1|0.9.1-incubating|0.9.2-incubating,3
STORM-348,2014-06-10,2014-07-30,3,0.9.2-incubating,4,0.9.3,3,0.9.2-incubating,,,8
STORM-369,2014-06-24,2014-07-31,3,0.9.2-incubating,4,0.9.3,3,0.9.2-incubating,3|4,0.9.2-incubating|0.9.3,4
STORM-366,2014-06-23,2014-07-31,3,0.9.2-incubating,4,0.9.3,3,0.9.2-incubating,,,6
STORM-239,2014-02-10,2014-07-31,2,0.9.1-incubating,4,0.9.3,2,0.9.1-incubating,,,5
STORM-417,2014-07-22,2014-08-07,4,0.9.3,4,0.9.3,4,0.9.3,,,7
STORM-396,2014-07-09,2014-08-07,4,0.9.3,4,0.9.3,2,0.9.1-incubating,2,0.9.1-incubating,3
STORM-346,2014-06-10,2014-08-07,3,0.9.2-incubating,4,0.9.3,3,0.9.2-incubating,,,7
STORM-87,2013-12-14,2014-08-07,2,0.9.1-incubating,4,0.9.3,2,0.9.1-incubating,,,7
STORM-279,2014-04-07,2014-08-08,3,0.9.2-incubating,4,0.9.3,3,0.9.2-incubating,,,4
STORM-277,2014-04-05,2014-08-08,3,0.9.2-incubating,4,0.9.3,3,0.9.2-incubating,,,0
STORM-86,2013-12-14,2014-08-08,2,0.9.1-incubating,4,0.9.3,2,0.9.1-incubating,,,0
STORM-451,2014-08-12,2014-08-16,4,0.9.3,4,0.9.3,4,0.9.3,4,0.9.3,2
STORM-349,2014-06-10,2014-08-18,3,0.9.2-incubating,4,0.9.3,3,0.9.2-incubating,,,5
STORM-458,2014-08-14,2014-08-19,4,0.9.3,4,0.9.3,3,0.9.2-incubating,3,0.9.2-incubating,3
STORM-443,2014-08-07,2014-08-19,4,0.9.3,4,0.9.3,4,0.9.3,4,0.9.3,3
STORM-472,2014-08-25,2014-08-25,4,0.9.3,4,0.9.3,4,0.9.3,4,0.9.3,3
STORM-464,2014-08-20,2014-08-25,4,0.9.3,4,0.9.3,4,0.9.3,4,0.9.3,5
STORM-449,2014-08-11,2014-08-25,4,0.9.3,4,0.9.3,4,0.9.3,,,4
STORM-437,2014-08-05,2014-08-25,4,0.9.3,4,0.9.3,3,0.9.2-incubating,3,0.9.2-incubating,4
STORM-274,2014-04-03,2014-08-25,3,0.9.2-incubating,4,0.9.3,3,0.9.2-incubating,3,0.9.2-incubating,5
STORM-401,2014-07-14,2014-08-26,4,0.9.3,4,0.9.3,4,0.9.3,,,4
STORM-476,2014-08-26,2014-08-29,4,0.9.3,4,0.9.3,1,0.9.0.1,1|2|3|4,0.9.0.1|0.9.1-incubating|0.9.2-incubating|0.9.3,1
STORM-461,2014-08-19,2014-08-29,4,0.9.3,4,0.9.3,4,0.9.3,,,5
STORM-454,2014-08-13,2014-08-29,4,0.9.3,4,0.9.3,3,0.9.2-incubating,3,0.9.2-incubating,1
STORM-447,2014-08-08,2014-08-29,4,0.9.3,4,0.9.3,4,0.9.3,,,1
STORM-424,2014-07-25,2014-08-29,4,0.9.3,4,0.9.3,3,0.9.2-incubating,3,0.9.2-incubating,1
STORM-356,2014-06-17,2014-08-29,3,0.9.2-incubating,4,0.9.3,3,0.9.2-incubating,3,0.9.2-incubating,1
STORM-341,2014-06-05,2014-08-29,3,0.9.2-incubating,4,0.9.3,3,0.9.2-incubating,3,0.9.2-incubating,3
STORM-330,2014-05-21,2014-08-29,3,0.9.2-incubating,4,0.9.3,2,0.9.1-incubating,2,0.9.1-incubating,1
STORM-475,2014-08-26,2014-09-04,4,0.9.3,4,0.9.3,3,0.9.2-incubating,3,0.9.2-incubating,3
STORM-479,2014-08-28,2014-09-05,4,0.9.3,4,0.9.3,4,0.9.3,7,0.10.0,2
STORM-460,2014-08-17,2014-09-05,4,0.9.3,4,0.9.3,4,0.9.3,7,0.10.0,1
STORM-282,2014-04-11,2014-09-10,3,0.9.2-incubating,4,0.9.3,3,0.9.2-incubating,,,0
STORM-384,2014-07-02,2014-09-18,4,0.9.3,4,0.9.3,3,0.9.2-incubating,3,0.9.2-incubating,0
STORM-500,2014-09-18,2014-09-22,4,0.9.3,4,0.9.3,3,0.9.2-incubating,3,0.9.2-incubating,3
STORM-501,2014-09-19,2014-09-23,4,0.9.3,4,0.9.3,3,0.9.2-incubating,3,0.9.2-incubating,5
STORM-486,2014-09-04,2014-09-23,4,0.9.3,4,0.9.3,4,0.9.3,,,3
STORM-485,2014-09-03,2014-09-23,4,0.9.3,4,0.9.3,4,0.9.3,,,3
STORM-480,2014-08-28,2014-09-23,4,0.9.3,4,0.9.3,4,0.9.3,,,3
STORM-427,2014-07-29,2014-09-23,4,0.9.3,4,0.9.3,4,0.9.3,7,0.10.0,4
STORM-398,2014-07-09,2014-09-23,4,0.9.3,4,0.9.3,4,0.9.3,,,0
STORM-493,2014-09-10,2014-09-24,4,0.9.3,4,0.9.3,3,0.9.2-incubating,3|4,0.9.2-incubating|0.9.3,3
STORM-489,2014-09-05,2014-09-24,4,0.9.3,4,0.9.3,4,0.9.3,,,4
STORM-507,2014-09-24,2014-10-01,4,0.9.3,4,0.9.3,4,0.9.3,4,0.9.3,2
STORM-504,2014-09-22,2014-10-01,4,0.9.3,4,0.9.3,4,0.9.3,,,1
STORM-506,2014-09-24,2014-10-07,4,0.9.3,4,0.9.3,3,0.9.2-incubating,3,0.9.2-incubating,2
STORM-502,2014-09-22,2014-10-07,4,0.9.3,4,0.9.3,4,0.9.3,,,4
STORM-490,2014-09-08,2014-10-07,4,0.9.3,4,0.9.3,4,0.9.3,4,0.9.3,1
STORM-488,2014-09-05,2014-10-07,4,0.9.3,4,0.9.3,4,0.9.3,4,0.9.3,3
STORM-482,2014-08-29,2014-10-07,4,0.9.3,4,0.9.3,4,0.9.3,,,2
STORM-439,2014-08-05,2014-10-07,4,0.9.3,4,0.9.3,3,0.9.2-incubating,3,0.9.2-incubating,5
STORM-499,2014-09-17,2014-10-21,4,0.9.3,4,0.9.3,4,0.9.3,4,0.9.3,3
STORM-445,2014-08-08,2014-10-21,4,0.9.3,4,0.9.3,4,0.9.3,,,0
STORM-538,2014-10-20,2014-10-27,4,0.9.3,4,0.9.3,4,0.9.3,4,0.9.3,2
STORM-511,2014-09-27,2014-10-27,4,0.9.3,4,0.9.3,4,0.9.3,4,0.9.3,7
STORM-509,2014-09-25,2014-10-27,4,0.9.3,4,0.9.3,4,0.9.3,7,0.10.0,5
STORM-529,2014-10-11,2014-11-04,4,0.9.3,4,0.9.3,3,0.9.2-incubating,3,0.9.2-incubating,1
STORM-497,2014-09-13,2014-11-04,4,0.9.3,4,0.9.3,4,0.9.3,4,0.9.3,4
STORM-422,2014-07-24,2014-11-04,4,0.9.3,4,0.9.3,2,0.9.1-incubating,2,0.9.1-incubating,1
STORM-307,2014-05-05,2014-11-04,3,0.9.2-incubating,4,0.9.3,2,0.9.1-incubating,2,0.9.1-incubating,4
STORM-537,2014-10-20,2014-11-12,4,0.9.3,4,0.9.3,4,0.9.3,4,0.9.3,7
STORM-549,2014-11-06,2014-11-14,4,0.9.3,4,0.9.3,2,0.9.1-incubating,2|3,0.9.1-incubating|0.9.2-incubating,3
STORM-513,2014-10-01,2014-11-14,4,0.9.3,4,0.9.3,3,0.9.2-incubating,3,0.9.2-incubating,7
STORM-558,2014-11-17,2014-11-17,4,0.9.3,4,0.9.3,4,0.9.3,,,5
STORM-555,2014-11-13,2014-11-17,4,0.9.3,4,0.9.3,4,0.9.3,,,5
STORM-565,2014-11-20,2014-11-28,4,0.9.3,5,0.9.4,4,0.9.3,7,0.10.0,5
STORM-574,2014-11-25,2014-11-30,4,0.9.3,5,0.9.4,3,0.9.2-incubating,3,0.9.2-incubating,0
STORM-577,2014-11-28,2014-12-23,5,0.9.4,5,0.9.4,5,0.9.4,7,0.10.0,3
STORM-505,2014-09-23,2014-12-23,4,0.9.3,5,0.9.4,4,0.9.3,7,0.10.0,4
STORM-613,2014-12-29,2015-01-06,5,0.9.4,5,0.9.4,5,0.9.4,7,0.10.0,3
STORM-612,2014-12-29,2015-01-06,5,0.9.4,5,0.9.4,5,0.9.4,,,1
STORM-611,2014-12-29,2015-01-06,5,0.9.4,5,0.9.4,5,0.9.4,,,3
STORM-610,2014-12-29,2015-01-06,5,0.9.4,5,0.9.4,5,0.9.4,,,3
STORM-442,2014-08-07,2015-01-06,4,0.9.3,5,0.9.4,4,0.9.3,4,0.9.3,1
STORM-578,2014-11-30,2015-01-09,5,0.9.4,5,0.9.4,5,0.9.4,,,3
STORM-620,2015-01-09,2015-01-14,5,0.9.4,5,0.9.4,5,0.9.4,,,4
STORM-627,2015-01-14,2015-01-16,5,0.9.4,5,0.9.4,4,0.9.3,4,0.9.3,1
STORM-322,2014-05-16,2015-01-16,3,0.9.2-incubating,5,0.9.4,3,0.9.2-incubating,3,0.9.2-incubating,3
STORM-248,2014-02-26,2015-01-16,3,0.9.2-incubating,5,0.9.4,3,0.9.2-incubating,,,10
STORM-585,2014-12-05,2015-01-17,5,0.9.4,5,0.9.4,3,0.9.2-incubating,3|4|7,0.9.2-incubating|0.9.3|0.10.0,4
STORM-630,2015-01-19,2015-01-23,5,0.9.4,5,0.9.4,5,0.9.4,,,6
STORM-525,2014-10-09,2015-01-27,4,0.9.3,5,0.9.4,3,0.9.2-incubating,3,0.9.2-incubating,4
STORM-390,2014-07-07,2015-01-29,4,0.9.3,5,0.9.4,3,0.9.2-incubating,3,0.9.2-incubating,0
STORM-527,2014-10-11,2015-02-02,4,0.9.3,5,0.9.4,4,0.9.3,4,0.9.3,2
STORM-636,2015-01-22,2015-02-03,5,0.9.4,5,0.9.4,5,0.9.4,7,0.10.0,4
STORM-635,2015-01-22,2015-02-03,5,0.9.4,5,0.9.4,5,0.9.4,,,6
STORM-608,2014-12-26,2015-02-03,5,0.9.4,5,0.9.4,4,0.9.3,4,0.9.3,6
STORM-685,2015-02-23,2015-02-23,5,0.9.4,5,0.9.4,4,0.9.3,4,0.9.3,1
STORM-684,2015-02-23,2015-02-23,5,0.9.4,5,0.9.4,5,0.9.4,,,2
STORM-683,2015-02-20,2015-02-23,5,0.9.4,5,0.9.4,5,0.9.4,,,2
STORM-651,2015-02-02,2015-02-23,5,0.9.4,5,0.9.4,5,0.9.4,,,5
STORM-649,2015-02-02,2015-02-23,5,0.9.4,5,0.9.4,5,0.9.4,,,3
STORM-648,2015-02-02,2015-02-23,5,0.9.4,5,0.9.4,5,0.9.4,,,3
STORM-641,2015-01-30,2015-02-23,5,0.9.4,5,0.9.4,5,0.9.4,,,5
STORM-640,2015-01-30,2015-02-23,5,0.9.4,5,0.9.4,5,0.9.4,,,4
STORM-633,2015-01-20,2015-02-23,5,0.9.4,5,0.9.4,4,0.9.3,4,0.9.3,4
STORM-130,2013-12-15,2015-02-23,2,0.9.1-incubating,5,0.9.4,2,0.9.1-incubating,3|4|5,0.9.2-incubating|0.9.3|0.9.4,8
STORM-688,2015-02-24,2015-02-25,5,0.9.4,5,0.9.4,5,0.9.4,,,5
STORM-687,2015-02-24,2015-02-25,5,0.9.4,5,0.9.4,5,0.9.4,,,6
STORM-554,2014-11-13,2015-03-05,4,0.9.3,5,0.9.4,4,0.9.3,,,3
STORM-675,2015-02-18,2015-03-08,5,0.9.4,5,0.9.4,5,0.9.4,,,4
STORM-659,2015-02-06,2015-03-08,5,0.9.4,5,0.9.4,4,0.9.3,4,0.9.3,3
STORM-531,2014-10-14,2015-03-09,4,0.9.3,5,0.9.4,4,0.9.3,4,0.9.3,0
STORM-388,2014-07-03,2015-03-09,4,0.9.3,5,0.9.4,3,0.9.2-incubating,3,0.9.2-incubating,0
STORM-242,2014-02-17,2015-03-09,3,0.9.2-incubating,5,0.9.4,3,0.9.2-incubating,,,0
STORM-690,2015-02-26,2015-03-11,5,0.9.4,5,0.9.4,5,0.9.4,7,0.10.0,4
STORM-670,2015-02-12,2015-03-11,5,0.9.4,5,0.9.4,5,0.9.4,7,0.10.0,5
STORM-539,2014-10-22,2015-03-11,4,0.9.3,5,0.9.4,4,0.9.3,,,12
STORM-496,2014-09-12,2015-03-12,4,0.9.3,5,0.9.4,4,0.9.3,,,3
STORM-541,2014-10-24,2015-03-17,4,0.9.3,5,0.9.4,4,0.9.3,7,0.10.0,7
STORM-693,2015-02-26,2015-03-18,5,0.9.4,5,0.9.4,4,0.9.3,4,0.9.3,3
STORM-682,2015-02-20,2015-03-18,5,0.9.4,5,0.9.4,5,0.9.4,,,4
STORM-214,2014-02-05,2015-03-22,2,0.9.1-incubating,5,0.9.4,2,0.9.1-incubating,,,2
STORM-703,2015-03-11,2015-03-24,5,0.9.4,5,0.9.4,5,0.9.4,7,0.10.0,3
STORM-723,2015-03-25,2015-03-26,5,0.9.4,6,0.9.5,5,0.9.4,7,0.10.0,4
STORM-727,2015-03-26,2015-03-30,6,0.9.5,6,0.9.5,6,0.9.5,,,3
STORM-740,2015-03-31,2015-04-03,6,0.9.5,6,0.9.5,5,0.9.4,5|7,0.9.4|0.10.0,5
STORM-512,2014-10-01,2015-04-03,4,0.9.3,6,0.9.5,4,0.9.3,,,4
STORM-188,2014-01-02,2015-04-03,2,0.9.1-incubating,6,0.9.5,2,0.9.1-incubating,,,6
STORM-750,2015-04-03,2015-04-06,6,0.9.5,6,0.9.5,6,0.9.5,,,2
STORM-762,2015-04-07,2015-04-13,6,0.9.5,6,0.9.5,6,0.9.5,7,0.10.0,5
STORM-757,2015-04-06,2015-04-13,6,0.9.5,6,0.9.5,6,0.9.5,,,4
STORM-563,2014-11-20,2015-04-19,4,0.9.3,6,0.9.5,4,0.9.3,,,5
STORM-791,2015-04-17,2015-04-20,6,0.9.5,6,0.9.5,6,0.9.5,,,5
STORM-788,2015-04-16,2015-04-20,6,0.9.5,6,0.9.5,3,0.9.2-incubating,3,0.9.2-incubating,4
STORM-786,2015-04-16,2015-04-20,6,0.9.5,6,0.9.5,6,0.9.5,7,0.10.0,5
STORM-773,2015-04-15,2015-04-20,6,0.9.5,6,0.9.5,6,0.9.5,,,5
STORM-772,2015-04-15,2015-04-20,6,0.9.5,6,0.9.5,6,0.9.5,,,3
STORM-787,2015-04-16,2015-04-22,6,0.9.5,6,0.9.5,6,0.9.5,,,4
STORM-766,2015-04-09,2015-04-22,6,0.9.5,6,0.9.5,6,0.9.5,7,0.10.0,3
STORM-747,2015-04-02,2015-04-23,6,0.9.5,6,0.9.5,6,0.9.5,,,3
STORM-730,2015-03-26,2015-04-23,6,0.9.5,6,0.9.5,6,0.9.5,7,0.10.0,4
STORM-583,2014-12-03,2015-04-24,5,0.9.4,6,0.9.5,4,0.9.3,4,0.9.3,2
STORM-800,2015-04-24,2015-04-26,6,0.9.5,6,0.9.5,6,0.9.5,,,1
STORM-797,2015-04-23,2015-04-28,6,0.9.5,6,0.9.5,6,0.9.5,,,6
STORM-603,2014-12-23,2015-05-04,5,0.9.4,6,0.9.5,5,0.9.4,,,4
STORM-807,2015-05-01,2015-05-07,6,0.9.5,6,0.9.5,6,0.9.5,7,0.10.0,5
STORM-827,2015-05-19,2015-05-22,6,0.9.5,6,0.9.5,6,0.9.5,,,5
STORM-816,2015-05-12,2015-05-22,6,0.9.5,6,0.9.5,6,0.9.5,,,4
STORM-811,2015-05-06,2015-05-22,6,0.9.5,6,0.9.5,6,0.9.5,,,5
STORM-808,2015-05-04,2015-05-22,6,0.9.5,6,0.9.5,6,0.9.5,,,5
STORM-596,2014-12-17,2015-05-22,5,0.9.4,6,0.9.5,5,0.9.4,7,0.10.0,10
STORM-729,2015-03-26,2015-05-28,6,0.9.5,6,0.9.5,6,0.9.5,7,0.10.0,4
STORM-728,2015-03-26,2015-05-28,6,0.9.5,6,0.9.5,6,0.9.5,6,0.9.5,4
STORM-715,2015-03-23,2015-05-28,5,0.9.4,6,0.9.5,5,0.9.4,,,3
STORM-790,2015-04-17,2015-06-01,6,0.9.5,6,0.9.5,3,0.9.2-incubating,3|4|5|7|9,0.9.2-incubating|0.9.3|0.9.4|0.10.0|1.0.0,2
STORM-713,2015-03-19,2015-06-01,5,0.9.4,6,0.9.5,4,0.9.3,4|7,0.9.3|0.10.0,3
STORM-711,2015-03-18,2015-06-01,5,0.9.4,6,0.9.5,4,0.9.3,4,0.9.3,4
STORM-708,2015-03-16,2015-06-01,5,0.9.4,6,0.9.5,5,0.9.4,,,6
STORM-694,2015-02-27,2015-06-01,5,0.9.4,6,0.9.5,5,0.9.4,7,0.10.0,4
STORM-625,2015-01-14,2015-06-01,5,0.9.4,6,0.9.5,5,0.9.4,,,3
STORM-456,2014-08-14,2015-06-01,4,0.9.3,6,0.9.5,2,0.9.1-incubating,2,0.9.1-incubating,8
STORM-842,2015-06-01,2015-06-03,6,0.9.5,6,0.9.5,6,0.9.5,7,0.10.0,2
STORM-818,2015-05-13,2015-06-03,6,0.9.5,6,0.9.5,4,0.9.3,4,0.9.3,1
STORM-760,2015-04-07,2015-06-04,6,0.9.5,6,0.9.5,6,0.9.5,,,5
STORM-850,2015-06-04,2015-06-05,6,0.9.5,7,0.10.0,5,0.9.4,,,5
STORM-849,2015-06-04,2015-06-05,6,0.9.5,7,0.10.0,5,0.9.4,,,3
STORM-853,2015-06-06,2015-06-09,7,0.10.0,7,0.10.0,7,0.10.0,,,4
STORM-852,2015-06-05,2015-06-09,7,0.10.0,7,0.10.0,4,0.9.3,4|5|6|7,0.9.3|0.9.4|0.9.5|0.10.0,2
STORM-813,2015-05-11,2015-06-09,6,0.9.5,7,0.10.0,5,0.9.4,9,1.0.0,3
STORM-856,2015-06-08,2015-06-10,7,0.10.0,7,0.10.0,7,0.10.0,7,0.10.0,3
STORM-796,2015-04-23,2015-06-11,6,0.9.5,7,0.10.0,5,0.9.4,5,0.9.4,1
STORM-860,2015-06-10,2015-06-15,7,0.10.0,7,0.10.0,7,0.10.0,,,3
STORM-867,2015-06-15,2015-06-22,7,0.10.0,7,0.10.0,7,0.10.0,7,0.10.0,3
STORM-809,2015-05-04,2015-06-22,6,0.9.5,7,0.10.0,5,0.9.4,,,4
STORM-582,2014-12-03,2015-06-22,5,0.9.4,7,0.10.0,3,0.9.2-incubating,3,0.9.2-incubating,0
STORM-477,2014-08-27,2015-06-26,4,0.9.3,7,0.10.0,3,0.9.2-incubating,3,0.9.2-incubating,2
STORM-873,2015-06-18,2015-06-27,7,0.10.0,7,0.10.0,7,0.10.0,,,2
STORM-839,2015-05-28,2015-07-14,6,0.9.5,7,0.10.0,5,0.9.4,5,0.9.4,3
STORM-763,2015-04-08,2015-07-14,6,0.9.5,7,0.10.0,5,0.9.4,5,0.9.4,4
STORM-857,2015-06-09,2015-07-16,7,0.10.0,7,0.10.0,7,0.10.0,,,4
STORM-793,2015-04-21,2015-07-16,6,0.9.5,7,0.10.0,5,0.9.4,7,0.10.0,3
STORM-503,2014-09-22,2015-07-16,4,0.9.3,7,0.10.0,2,0.9.1-incubating,2|3|4,0.9.1-incubating|0.9.2-incubating|0.9.3,1
STORM-643,2015-02-01,2015-07-20,5,0.9.4,7,0.10.0,3,0.9.2-incubating,3|4|5|6|7,0.9.2-incubating|0.9.3|0.9.4|0.9.5|0.10.0,2
STORM-139,2013-12-15,2015-07-22,2,0.9.1-incubating,7,0.10.0,1,0.9.0.1,,,1
STORM-737,2015-03-30,2015-07-27,6,0.9.5,7,0.10.0,3,0.9.2-incubating,3,0.9.2-incubating,3
STORM-945,2015-07-17,2015-07-30,7,0.10.0,7,0.10.0,7,0.10.0,7,0.10.0,3
STORM-933,2015-07-10,2015-08-02,7,0.10.0,7,0.10.0,6,0.9.5,6,0.9.5,3
STORM-751,2015-04-03,2015-08-03,6,0.9.5,7,0.10.0,5,0.9.4,7,0.10.0,1
STORM-944,2015-07-17,2015-08-11,7,0.10.0,7,0.10.0,7,0.10.0,,,2
STORM-977,2015-08-10,2015-08-13,7,0.10.0,7,0.10.0,7,0.10.0,7,0.10.0,3
STORM-988,2015-08-13,2015-08-14,7,0.10.0,7,0.10.0,7,0.10.0,,,4
STORM-837,2015-05-26,2015-08-14,6,0.9.5,7,0.10.0,5,0.9.4,,,3
STORM-742,2015-03-31,2015-08-14,6,0.9.5,7,0.10.0,4,0.9.3,4|5|7|9,0.9.3|0.9.4|0.10.0|1.0.0,5
STORM-976,2015-08-10,2015-08-18,7,0.10.0,7,0.10.0,7,0.10.0,7,0.10.0,14
STORM-992,2015-08-14,2015-08-25,7,0.10.0,7,0.10.0,7,0.10.0,,,2
STORM-1001,2015-08-21,2015-09-01,7,0.10.0,7,0.10.0,7,0.10.0,7,0.10.0,6
STORM-994,2015-08-14,2015-09-01,7,0.10.0,7,0.10.0,4,0.9.3,4|5|6|7|9,0.9.3|0.9.4|0.9.5|0.10.0|1.0.0,4
STORM-1024,2015-09-01,2015-09-05,7,0.10.0,7,0.10.0,7,0.10.0,,,2
STORM-996,2015-08-17,2015-09-05,7,0.10.0,7,0.10.0,7,0.10.0,7|8,0.10.0|0.9.6,3
STORM-951,2015-07-17,2015-09-08,7,0.10.0,7,0.10.0,7,0.10.0,,,4
STORM-292,2014-04-22,2015-09-08,3,0.9.2-incubating,7,0.10.0,3,0.9.2-incubating,3,0.9.2-incubating,0
STORM-965,2015-07-28,2015-09-10,7,0.10.0,7,0.10.0,7,0.10.0,,,2
STORM-1027,2015-09-04,2015-09-16,7,0.10.0,7,0.10.0,6,0.9.5,6|7,0.9.5|0.10.0,4
STORM-1011,2015-08-26,2015-09-17,7,0.10.0,7,0.10.0,7,0.10.0,,,4
STORM-1050,2015-09-17,2015-09-19,7,0.10.0,7,0.10.0,6,0.9.5,6|7|9,0.9.5|0.10.0|1.0.0,2
STORM-1005,2015-08-25,2015-09-19,7,0.10.0,7,0.10.0,5,0.9.4,5,0.9.4,3
STORM-1051,2015-09-17,2015-09-20,7,0.10.0,7,0.10.0,7,0.10.0,7|8|9,0.10.0|0.9.6|1.0.0,3
STORM-1054,2015-09-19,2015-09-21,7,0.10.0,7,0.10.0,7,0.10.0,,,4
STORM-1026,2015-09-02,2015-09-21,7,0.10.0,7,0.10.0,7,0.10.0,7|8|9,0.10.0|0.9.6|1.0.0,4
STORM-1069,2015-09-25,2015-09-29,7,0.10.0,7,0.10.0,7,0.10.0,,,3
STORM-1063,2015-09-23,2015-09-30,7,0.10.0,7,0.10.0,7,0.10.0,9,1.0.0,4
STORM-1042,2015-09-10,2015-10-02,7,0.10.0,7,0.10.0,7,0.10.0,7,0.10.0,3
STORM-1012,2015-08-26,2015-10-02,7,0.10.0,7,0.10.0,7,0.10.0,,,5
STORM-967,2015-07-30,2015-10-02,7,0.10.0,7,0.10.0,7,0.10.0,,,1
STORM-922,2015-07-01,2015-10-02,7,0.10.0,7,0.10.0,7,0.10.0,9,1.0.0,1
STORM-1078,2015-09-30,2015-10-03,7,0.10.0,7,0.10.0,7,0.10.0,9,1.0.0,4
STORM-1096,2015-10-07,2015-10-09,7,0.10.0,7,0.10.0,7,0.10.0,7,0.10.0,5
STORM-1094,2015-10-07,2015-10-09,7,0.10.0,7,0.10.0,7,0.10.0,7|8|9,0.10.0|0.9.6|1.0.0,2
STORM-1090,2015-10-06,2015-10-09,7,0.10.0,7,0.10.0,7,0.10.0,9,1.0.0,2
STORM-1087,2015-10-05,2015-10-09,7,0.10.0,7,0.10.0,7,0.10.0,,,5
STORM-1044,2015-09-11,2015-10-09,7,0.10.0,7,0.10.0,7,0.10.0,,,4
STORM-745,2015-04-02,2015-10-09,6,0.9.5,7,0.10.0,5,0.9.4,5,0.9.4,2
STORM-548,2014-11-05,2015-10-09,4,0.9.3,7,0.10.0,3,0.9.2-incubating,,,6
STORM-546,2014-11-04,2015-10-09,4,0.9.3,7,0.10.0,3,0.9.2-incubating,,,2
STORM-543,2014-10-30,2015-10-09,4,0.9.3,7,0.10.0,3,0.9.2-incubating,3,0.9.2-incubating,0
STORM-492,2014-09-08,2015-10-09,4,0.9.3,7,0.10.0,3,0.9.2-incubating,,,6
STORM-319,2014-05-14,2015-10-09,3,0.9.2-incubating,7,0.10.0,2,0.9.1-incubating,,,0
STORM-195,2014-01-15,2015-10-09,2,0.9.1-incubating,7,0.10.0,1,0.9.0.1,,,1
STORM-156,2013-12-15,2015-10-09,2,0.9.1-incubating,7,0.10.0,1,0.9.0.1,,,1
STORM-149,2013-12-15,2015-10-09,2,0.9.1-incubating,7,0.10.0,1,0.9.0.1,,,0
STORM-134,2013-12-15,2015-10-09,2,0.9.1-incubating,7,0.10.0,1,0.9.0.1,,,0
STORM-75,2013-12-14,2015-10-09,2,0.9.1-incubating,7,0.10.0,1,0.9.0.1,,,0
STORM-1099,2015-10-08,2015-10-10,7,0.10.0,7,0.10.0,7,0.10.0,,,3
STORM-1104,2015-10-09,2015-10-12,7,0.10.0,7,0.10.0,7,0.10.0,9,1.0.0,3
STORM-1106,2015-10-12,2015-10-15,7,0.10.0,7,0.10.0,7,0.10.0,7,0.10.0,1
STORM-1117,2015-10-16,2015-10-20,7,0.10.0,7,0.10.0,7,0.10.0,,,3
STORM-1110,2015-10-14,2015-10-20,7,0.10.0,7,0.10.0,7,0.10.0,,,2
STORM-1103,2015-10-09,2015-10-20,7,0.10.0,7,0.10.0,7,0.10.0,9,1.0.0,2
STORM-1115,2015-10-15,2015-10-21,7,0.10.0,7,0.10.0,7,0.10.0,9,1.0.0,3
STORM-1017,2015-08-28,2015-10-21,7,0.10.0,7,0.10.0,7,0.10.0,,,5
STORM-1121,2015-10-21,2015-10-24,7,0.10.0,7,0.10.0,7,0.10.0,,,3
STORM-1111,2015-10-14,2015-10-24,7,0.10.0,7,0.10.0,7,0.10.0,,,4
STORM-566,2014-11-20,2015-10-26,4,0.9.3,7,0.10.0,3,0.9.2-incubating,,,5
STORM-1073,2015-09-28,2015-10-28,7,0.10.0,7,0.10.0,7,0.10.0,,,3
STORM-1142,2015-10-29,2015-10-29,7,0.10.0,7,0.10.0,7,0.10.0,9,1.0.0,3
STORM-1170,2015-11-04,2015-11-05,7,0.10.0,7,0.10.0,7,0.10.0,,,4
STORM-1168,2015-11-04,2015-11-05,7,0.10.0,7,0.10.0,7,0.10.0,9,1.0.0,4
STORM-1163,2015-11-03,2015-11-05,7,0.10.0,7,0.10.0,7,0.10.0,,,4
STORM-1148,2015-10-29,2015-11-05,7,0.10.0,7,0.10.0,4,0.9.3,4|5|6|7|8,0.9.3|0.9.4|0.9.5|0.10.0|0.9.6,0
STORM-1180,2015-11-05,2015-11-06,7,0.10.0,9,1.0.0,7,0.10.0,7,0.10.0,4
STORM-1161,2015-11-03,2015-11-06,7,0.10.0,9,1.0.0,6,0.9.5,,,7
STORM-1134,2015-10-27,2015-11-06,7,0.10.0,9,1.0.0,7,0.10.0,7,0.10.0,5
STORM-1177,2015-11-05,2015-11-09,7,0.10.0,9,1.0.0,6,0.9.5,9,1.0.0,0
STORM-1189,2015-11-08,2015-11-10,9,1.0.0,9,1.0.0,7,0.10.0,7,0.10.0,5
STORM-1185,2015-11-06,2015-11-10,9,1.0.0,9,1.0.0,9,1.0.0,9,1.0.0,2
STORM-1191,2015-11-09,2015-11-12,9,1.0.0,9,1.0.0,9,1.0.0,,,3
STORM-794,2015-04-22,2015-11-12,6,0.9.5,9,1.0.0,4,0.9.3,4,0.9.3,5
STORM-1190,2015-11-09,2015-11-13,9,1.0.0,9,1.0.0,9,1.0.0,9,1.0.0,5
STORM-1208,2015-11-16,2015-11-18,9,1.0.0,9,1.0.0,9,1.0.0,9,1.0.0,2
STORM-1204,2015-11-13,2015-11-18,9,1.0.0,9,1.0.0,9,1.0.0,,,2
STORM-1221,2015-11-19,2015-11-21,9,1.0.0,9,1.0.0,9,1.0.0,,,4
STORM-1213,2015-11-17,2015-11-23,9,1.0.0,9,1.0.0,9,1.0.0,9,1.0.0,3
STORM-1349,2015-11-24,2015-11-24,9,1.0.0,9,1.0.0,9,1.0.0,,,1
STORM-1217,2015-11-18,2015-11-24,9,1.0.0,9,1.0.0,9,1.0.0,,,3
STORM-1203,2015-11-13,2015-11-24,9,1.0.0,9,1.0.0,9,1.0.0,,,3
STORM-1120,2015-10-21,2015-11-25,7,0.10.0,9,1.0.0,6,0.9.5,9,1.0.0,2
STORM-1220,2015-11-19,2015-11-26,9,1.0.0,9,1.0.0,9,1.0.0,,,4
STORM-874,2015-06-18,2015-11-30,7,0.10.0,9,1.0.0,3,0.9.2-incubating,3|7,0.9.2-incubating|0.10.0,0
STORM-1361,2015-12-02,2015-12-02,9,1.0.0,9,1.0.0,9,1.0.0,,,3
STORM-1223,2015-11-21,2015-12-02,9,1.0.0,9,1.0.0,9,1.0.0,,,0
STORM-1375,2015-12-05,2015-12-07,9,1.0.0,9,1.0.0,9,1.0.0,9,1.0.0,2
STORM-1378,2015-12-07,2015-12-10,9,1.0.0,9,1.0.0,9,1.0.0,,,2
STORM-1370,2015-12-04,2015-12-10,9,1.0.0,9,1.0.0,9,1.0.0,,,5
STORM-1385,2015-12-10,2015-12-11,9,1.0.0,9,1.0.0,9,1.0.0,,,1
STORM-1359,2015-12-01,2015-12-11,9,1.0.0,9,1.0.0,9,1.0.0,,,1
STORM-1395,2015-12-16,2015-12-17,9,1.0.0,9,1.0.0,9,1.0.0,9,1.0.0,3
STORM-1388,2015-12-11,2015-12-17,9,1.0.0,9,1.0.0,9,1.0.0,,,1
STORM-1377,2015-12-07,2015-12-17,9,1.0.0,9,1.0.0,7,0.10.0,7|9,0.10.0|1.0.0,4
STORM-1376,2015-12-07,2015-12-17,9,1.0.0,9,1.0.0,9,1.0.0,9,1.0.0,1
STORM-1400,2015-12-17,2015-12-18,9,1.0.0,9,1.0.0,7,0.10.0,7,0.10.0,4
STORM-1179,2015-11-05,2015-12-18,7,0.10.0,9,1.0.0,6,0.9.5,9,1.0.0,6
STORM-1402,2015-12-18,2015-12-21,9,1.0.0,9,1.0.0,9,1.0.0,9,1.0.0,1
STORM-1399,2015-12-17,2015-12-21,9,1.0.0,9,1.0.0,9,1.0.0,9,1.0.0,3
STORM-1398,2015-12-17,2015-12-21,9,1.0.0,9,1.0.0,9,1.0.0,9,1.0.0,2
STORM-1411,2015-12-23,2015-12-25,9,1.0.0,9,1.0.0,9,1.0.0,,,2
STORM-1409,2015-12-22,2015-12-28,9,1.0.0,9,1.0.0,9,1.0.0,,,4
STORM-1407,2015-12-21,2015-12-28,9,1.0.0,9,1.0.0,9,1.0.0,9,1.0.0,2
STORM-1412,2015-12-23,2016-01-04,9,1.0.0,9,1.0.0,9,1.0.0,,,3
STORM-1397,2015-12-16,2016-01-04,9,1.0.0,9,1.0.0,9,1.0.0,,,4
STORM-1218,2015-11-18,2016-01-04,9,1.0.0,9,1.0.0,9,1.0.0,,,2
STORM-1427,2015-12-30,2016-01-05,9,1.0.0,9,1.0.0,9,1.0.0,9,1.0.0,7
STORM-1426,2015-12-29,2016-01-05,9,1.0.0,9,1.0.0,9,1.0.0,9,1.0.0,5
STORM-1424,2015-12-29,2016-01-05,9,1.0.0,9,1.0.0,9,1.0.0,9,1.0.0,5
STORM-1422,2015-12-28,2016-01-05,9,1.0.0,9,1.0.0,9,1.0.0,,,3
STORM-1417,2015-12-23,2016-01-05,9,1.0.0,9,1.0.0,9,1.0.0,,,5
STORM-1413,2015-12-23,2016-01-05,9,1.0.0,9,1.0.0,9,1.0.0,,,3
STORM-695,2015-02-27,2016-01-05,5,0.9.4,9,1.0.0,4,0.9.3,4,0.9.3,5
STORM-1396,2015-12-16,2016-01-06,9,1.0.0,9,1.0.0,9,1.0.0,,,3
STORM-1458,2016-01-08,2016-01-11,9,1.0.0,9,1.0.0,9,1.0.0,,,5
STORM-1457,2016-01-08,2016-01-11,9,1.0.0,9,1.0.0,9,1.0.0,,,3
STORM-1449,2016-01-07,2016-01-11,9,1.0.0,9,1.0.0,9,1.0.0,,,3
STORM-1432,2016-01-05,2016-01-11,9,1.0.0,9,1.0.0,9,1.0.0,,,5
STORM-1425,2015-12-29,2016-01-11,9,1.0.0,9,1.0.0,9,1.0.0,,,3
STORM-1423,2015-12-28,2016-01-11,9,1.0.0,9,1.0.0,9,1.0.0,10,0.10.1,5
STORM-1418,2015-12-25,2016-01-11,9,1.0.0,9,1.0.0,9,1.0.0,,,3
STORM-1408,2015-12-22,2016-01-11,9,1.0.0,9,1.0.0,9,1.0.0,,,4
STORM-1348,2015-11-24,2016-01-11,9,1.0.0,9,1.0.0,9,1.0.0,,,6
STORM-1219,2015-11-19,2016-01-11,9,1.0.0,9,1.0.0,9,1.0.0,,,4
STORM-1160,2015-11-03,2016-01-11,7,0.10.0,9,1.0.0,6,0.9.5,,,5
STORM-1150,2015-10-30,2016-01-11,7,0.10.0,9,1.0.0,7,0.10.0,7,0.10.0,3
STORM-468,2014-08-23,2016-01-11,4,0.9.3,9,1.0.0,3,0.9.2-incubating,3,0.9.2-incubating,5
STORM-1453,2016-01-08,2016-01-13,9,1.0.0,9,1.0.0,9,1.0.0,9,1.0.0,5
STORM-1419,2015-12-25,2016-01-13,9,1.0.0,9,1.0.0,9,1.0.0,,,4
STORM-1445,2016-01-06,2016-01-14,9,1.0.0,9,1.0.0,9,1.0.0,,,0
STORM-1470,2016-01-13,2016-01-15,9,1.0.0,9,1.0.0,9,1.0.0,9|26,1.0.0|2.0.0,4
STORM-1467,2016-01-12,2016-01-15,9,1.0.0,9,1.0.0,9,1.0.0,,,4
STORM-1466,2016-01-12,2016-01-15,9,1.0.0,9,1.0.0,9,1.0.0,,,4
STORM-1478,2016-01-16,2016-01-19,9,1.0.0,9,1.0.0,9,1.0.0,,,4
STORM-1484,2016-01-17,2016-01-20,9,1.0.0,9,1.0.0,9,1.0.0,,,4
STORM-1482,2016-01-16,2016-01-20,9,1.0.0,9,1.0.0,9,1.0.0,,,3
STORM-1481,2016-01-16,2016-01-20,9,1.0.0,9,1.0.0,9,1.0.0,,,8
STORM-1472,2016-01-13,2016-01-20,9,1.0.0,9,1.0.0,9,1.0.0,9,1.0.0,7
STORM-1468,2016-01-13,2016-01-20,9,1.0.0,9,1.0.0,9,1.0.0,,,4
STORM-1452,2016-01-08,2016-01-20,9,1.0.0,9,1.0.0,9,1.0.0,9,1.0.0,2
STORM-1405,2015-12-18,2016-01-21,9,1.0.0,9,1.0.0,9,1.0.0,,,3
STORM-1486,2016-01-20,2016-01-22,9,1.0.0,9,1.0.0,9,1.0.0,,,5
STORM-1485,2016-01-19,2016-01-22,9,1.0.0,9,1.0.0,9,1.0.0,,,4
STORM-1463,2016-01-12,2016-01-22,9,1.0.0,9,1.0.0,9,1.0.0,,,4
STORM-1499,2016-01-23,2016-01-24,9,1.0.0,9,1.0.0,9,1.0.0,,,3
STORM-1496,2016-01-22,2016-01-25,9,1.0.0,9,1.0.0,9,1.0.0,9,1.0.0,3
STORM-1495,2016-01-22,2016-01-25,9,1.0.0,9,1.0.0,9,1.0.0,9,1.0.0,0
STORM-1503,2016-01-26,2016-01-27,9,1.0.0,9,1.0.0,7,0.10.0,7|10,0.10.0|0.10.1,1
STORM-1510,2016-01-29,2016-01-30,9,1.0.0,9,1.0.0,9,1.0.0,,,3
STORM-1518,2016-02-02,2016-02-03,9,1.0.0,9,1.0.0,9,1.0.0,,,0
STORM-1504,2016-01-27,2016-02-03,9,1.0.0,9,1.0.0,9,1.0.0,,,4
STORM-1527,2016-02-05,2016-02-05,9,1.0.0,9,1.0.0,9,1.0.0,,,0
STORM-1517,2016-02-02,2016-02-05,9,1.0.0,9,1.0.0,9,1.0.0,,,5
STORM-1455,2016-01-08,2016-02-05,9,1.0.0,9,1.0.0,9,1.0.0,9,1.0.0,4
STORM-1531,2016-02-08,2016-02-09,9,1.0.0,9,1.0.0,9,1.0.0,,,2
STORM-1526,2016-02-04,2016-02-09,9,1.0.0,9,1.0.0,9,1.0.0,,,4
STORM-1520,2016-02-03,2016-02-09,9,1.0.0,9,1.0.0,9,1.0.0,9,1.0.0,5
STORM-1521,2016-02-03,2016-02-10,9,1.0.0,9,1.0.0,6,0.9.5,6|7,0.9.5|0.10.0,2
STORM-1476,2016-01-15,2016-02-10,9,1.0.0,9,1.0.0,9,1.0.0,9,1.0.0,4
STORM-1534,2016-02-09,2016-02-11,9,1.0.0,9,1.0.0,9,1.0.0,9,1.0.0,3
STORM-1533,2016-02-09,2016-02-11,9,1.0.0,9,1.0.0,7,0.10.0,7,0.10.0,3
STORM-1519,2016-02-02,2016-02-11,9,1.0.0,9,1.0.0,9,1.0.0,,,5
STORM-1538,2016-02-11,2016-02-12,9,1.0.0,9,1.0.0,9,1.0.0,,,2
STORM-1147,2015-10-29,2016-02-17,7,0.10.0,9,1.0.0,7,0.10.0,7,0.10.0,4
STORM-1541,2016-02-12,2016-02-19,9,1.0.0,9,1.0.0,9,1.0.0,9|26,1.0.0|2.0.0,3
STORM-1532,2016-02-09,2016-02-19,9,1.0.0,9,1.0.0,9,1.0.0,,,4
STORM-1522,2016-02-03,2016-02-19,9,1.0.0,9,1.0.0,9,1.0.0,,,2
STORM-1516,2016-02-02,2016-02-22,9,1.0.0,9,1.0.0,9,1.0.0,26,2.0.0,4
STORM-1566,2016-02-22,2016-02-23,9,1.0.0,9,1.0.0,9,1.0.0,26,2.0.0,4
STORM-1558,2016-02-18,2016-02-23,9,1.0.0,9,1.0.0,9,1.0.0,26,2.0.0,2
STORM-1572,2016-02-23,2016-02-24,9,1.0.0,9,1.0.0,9,1.0.0,,,4
STORM-1564,2016-02-19,2016-02-24,9,1.0.0,9,1.0.0,9,1.0.0,,,4
STORM-1578,2016-02-25,2016-02-25,9,1.0.0,9,1.0.0,9,1.0.0,26,2.0.0,1
STORM-1540,2016-02-11,2016-02-25,9,1.0.0,9,1.0.0,9,1.0.0,9,1.0.0,4
STORM-1493,2016-01-22,2016-02-25,9,1.0.0,9,1.0.0,9,1.0.0,,,0
STORM-1552,2016-02-15,2016-02-26,9,1.0.0,9,1.0.0,9,1.0.0,9|26,1.0.0|2.0.0,0
STORM-1545,2016-02-12,2016-02-26,9,1.0.0,9,1.0.0,9,1.0.0,9,1.0.0,5
STORM-1542,2016-02-12,2016-02-26,9,1.0.0,9,1.0.0,9,1.0.0,9,1.0.0,4
STORM-1488,2016-01-20,2016-02-26,9,1.0.0,9,1.0.0,9,1.0.0,9|26,1.0.0|2.0.0,3
STORM-1576,2016-02-25,2016-02-29,9,1.0.0,9,1.0.0,9,1.0.0,9|26,1.0.0|2.0.0,4
STORM-1530,2016-02-08,2016-02-29,9,1.0.0,9,1.0.0,9,1.0.0,,,0
STORM-1587,2016-02-29,2016-03-01,9,1.0.0,9,1.0.0,9,1.0.0,,,3
STORM-1592,2016-03-01,2016-03-02,9,1.0.0,9,1.0.0,9,1.0.0,26,2.0.0,5
STORM-1579,2016-02-26,2016-03-02,9,1.0.0,9,1.0.0,9,1.0.0,26,2.0.0,5
STORM-1596,2016-03-02,2016-03-03,9,1.0.0,9,1.0.0,7,0.10.0,7|9|10|26,0.10.0|1.0.0|0.10.1|2.0.0,3
STORM-1601,2016-03-03,2016-03-04,9,1.0.0,9,1.0.0,9,1.0.0,9|26,1.0.0|2.0.0,3
STORM-1561,2016-02-18,2016-03-04,9,1.0.0,9,1.0.0,9,1.0.0,9|26,1.0.0|2.0.0,1
STORM-1543,2016-02-12,2016-03-04,9,1.0.0,9,1.0.0,7,0.10.0,7|9|10|26,0.10.0|1.0.0|0.10.1|2.0.0,1
STORM-1528,2016-02-05,2016-03-04,9,1.0.0,9,1.0.0,9,1.0.0,,,1
STORM-1606,2016-03-06,2016-03-07,9,1.0.0,9,1.0.0,9,1.0.0,,,3
STORM-1588,2016-02-29,2016-03-07,9,1.0.0,9,1.0.0,9,1.0.0,9,1.0.0,5
STORM-1603,2016-03-04,2016-03-09,9,1.0.0,9,1.0.0,7,0.10.0,7,0.10.0,0
STORM-1608,2016-03-07,2016-03-14,9,1.0.0,9,1.0.0,9,1.0.0,9|26,1.0.0|2.0.0,3
STORM-1637,2016-03-17,2016-03-17,9,1.0.0,9,1.0.0,9,1.0.0,,,0
STORM-1623,2016-03-14,2016-03-17,9,1.0.0,9,1.0.0,9,1.0.0,,,1
STORM-1616,2016-03-09,2016-03-17,9,1.0.0,9,1.0.0,9,1.0.0,,,1
STORM-1615,2016-03-09,2016-03-17,9,1.0.0,9,1.0.0,9,1.0.0,,,0
STORM-1629,2016-03-15,2016-03-20,9,1.0.0,9,1.0.0,9,1.0.0,9|26,1.0.0|2.0.0,3
STORM-1602,2016-03-04,2016-03-20,9,1.0.0,9,1.0.0,9,1.0.0,9,1.0.0,3
STORM-948,2015-07-17,2016-03-21,7,0.10.0,9,1.0.0,6,0.9.5,6,0.9.5,0
STORM-1641,2016-03-21,2016-03-22,9,1.0.0,9,1.0.0,9,1.0.0,,,0
STORM-1636,2016-03-17,2016-03-22,9,1.0.0,9,1.0.0,9,1.0.0,9|26,1.0.0|2.0.0,6
STORM-1631,2016-03-15,2016-03-22,9,1.0.0,9,1.0.0,9,1.0.0,,,6
STORM-1614,2016-03-09,2016-03-22,9,1.0.0,9,1.0.0,9,1.0.0,,,6
STORM-1604,2016-03-05,2016-03-22,9,1.0.0,9,1.0.0,9,1.0.0,9,1.0.0,0
STORM-1556,2016-02-17,2016-03-22,9,1.0.0,9,1.0.0,9,1.0.0,9|26,1.0.0|2.0.0,4
STORM-584,2014-12-05,2016-03-22,5,0.9.4,9,1.0.0,5,0.9.4,8,0.9.6,4
STORM-1622,2016-03-14,2016-03-23,9,1.0.0,9,1.0.0,9,1.0.0,,,0
STORM-1625,2016-03-14,2016-03-24,9,1.0.0,9,1.0.0,9,1.0.0,,,4
STORM-1655,2016-03-24,2016-03-25,9,1.0.0,9,1.0.0,9,1.0.0,9|26,1.0.0|2.0.0,3
STORM-1654,2016-03-24,2016-03-25,9,1.0.0,9,1.0.0,9,1.0.0,9|26,1.0.0|2.0.0,5
STORM-1609,2016-03-07,2016-03-28,9,1.0.0,9,1.0.0,9,1.0.0,,,2
STORM-1030,2015-09-04,2016-03-29,7,0.10.0,9,1.0.0,7,0.10.0,,,5
STORM-1666,2016-03-30,2016-03-31,9,1.0.0,9,1.0.0,9,1.0.0,26,2.0.0,3
STORM-1665,2016-03-30,2016-03-31,9,1.0.0,9,1.0.0,9,1.0.0,,,3
STORM-1663,2016-03-29,2016-03-31,9,1.0.0,9,1.0.0,9,1.0.0,26,2.0.0,5
STORM-1673,2016-04-01,2016-04-01,9,1.0.0,9,1.0.0,9,1.0.0,9|26,1.0.0|2.0.0,3
STORM-1669,2016-03-31,2016-04-01,9,1.0.0,9,1.0.0,9,1.0.0,9|26,1.0.0|2.0.0,3
STORM-1668,2016-03-30,2016-04-01,9,1.0.0,9,1.0.0,9,1.0.0,9|26,1.0.0|2.0.0,3
STORM-1667,2016-03-30,2016-04-01,9,1.0.0,9,1.0.0,9,1.0.0,9,1.0.0,0
STORM-1632,2016-03-16,2016-04-01,9,1.0.0,9,1.0.0,9,1.0.0,,,0
STORM-1581,2016-02-26,2016-04-01,9,1.0.0,9,1.0.0,9,1.0.0,9,1.0.0,0
STORM-1677,2016-04-02,2016-04-04,9,1.0.0,9,1.0.0,9,1.0.0,9|26,1.0.0|2.0.0,3
STORM-1670,2016-03-31,2016-04-04,9,1.0.0,9,1.0.0,9,1.0.0,9|26,1.0.0|2.0.0,5
STORM-1687,2016-04-05,2016-04-11,9,1.0.0,9,1.0.0,9,1.0.0,9|26,1.0.0|2.0.0,5
STORM-1658,2016-03-27,2016-04-12,9,1.0.0,9,1.0.0,9,1.0.0,,,2
STORM-1706,2016-04-12,2016-04-19,9,1.0.0,10,0.10.1,9,1.0.0,9,1.0.0,0
STORM-1696,2016-04-07,2016-04-19,9,1.0.0,10,0.10.1,9,1.0.0,9|26,1.0.0|2.0.0,3
STORM-1693,2016-04-07,2016-04-19,9,1.0.0,10,0.10.1,9,1.0.0,9,1.0.0,4
STORM-1681,2016-04-04,2016-04-19,9,1.0.0,10,0.10.1,9,1.0.0,9|26,1.0.0|2.0.0,3
STORM-1714,2016-04-15,2016-04-20,10,0.10.1,10,0.10.1,9,1.0.0,9|26,1.0.0|2.0.0,5
STORM-1704,2016-04-11,2016-04-20,9,1.0.0,10,0.10.1,9,1.0.0,9|26,1.0.0|2.0.0,3
STORM-1683,2016-04-04,2016-04-20,9,1.0.0,10,0.10.1,9,1.0.0,9|26,1.0.0|2.0.0,3
STORM-1544,2016-02-12,2016-04-21,9,1.0.0,10,0.10.1,9,1.0.0,9,1.0.0,4
STORM-1725,2016-04-22,2016-04-22,10,0.10.1,10,0.10.1,9,1.0.0,9,1.0.0,0
STORM-1535,2016-02-09,2016-04-25,9,1.0.0,10,0.10.1,6,0.9.5,6|7,0.9.5|0.10.0,4
STORM-1645,2016-03-22,2016-04-26,9,1.0.0,10,0.10.1,7,0.10.0,7,0.10.0,0
STORM-1731,2016-04-26,2016-04-27,10,0.10.1,10,0.10.1,9,1.0.0,9,1.0.0,0
STORM-1729,2016-04-26,2016-04-27,10,0.10.1,10,0.10.1,9,1.0.0,9,1.0.0,0
STORM-143,2013-12-15,2016-04-28,2,0.9.1-incubating,10,0.10.1,2,0.9.1-incubating,,,0
STORM-1741,2016-04-28,2016-04-29,10,0.10.1,10,0.10.1,10,0.10.1,11,1.0.1,0
STORM-1733,2016-04-26,2016-04-29,10,0.10.1,10,0.10.1,4,0.9.3,4|5|6|7|8,0.9.3|0.9.4|0.9.5|0.10.0|0.9.6,2
STORM-1620,2016-03-11,2016-04-30,9,1.0.0,10,0.10.1,9,1.0.0,,,3
STORM-1764,2016-05-04,2016-05-16,10,0.10.1,12,1.0.2,10,0.10.1,,,2
STORM-1761,2016-05-03,2016-05-16,10,0.10.1,12,1.0.2,10,0.10.1,11|26,1.0.1|2.0.0,4
STORM-1756,2016-05-02,2016-05-16,10,0.10.1,12,1.0.2,10,0.10.1,,,4
STORM-1754,2016-05-01,2016-05-16,10,0.10.1,12,1.0.2,10,0.10.1,,,0
STORM-1750,2016-04-30,2016-05-16,10,0.10.1,12,1.0.2,7,0.10.0,7|9|26,0.10.0|1.0.0|2.0.0,6
STORM-1735,2016-04-27,2016-05-16,10,0.10.1,12,1.0.2,9,1.0.0,9|26,1.0.0|2.0.0,4
STORM-1713,2016-04-15,2016-05-16,10,0.10.1,12,1.0.2,10,0.10.1,,,4
STORM-1676,2016-04-01,2016-05-16,9,1.0.0,12,1.0.2,9,1.0.0,26,2.0.0,2
STORM-1672,2016-03-31,2016-05-16,9,1.0.0,12,1.0.2,9,1.0.0,26,2.0.0,4
STORM-1773,2016-05-10,2016-05-17,12,1.0.2,12,1.0.2,9,1.0.0,9|11|26,1.0.0|1.0.1|2.0.0,2
STORM-1842,2016-05-17,2016-05-20,12,1.0.2,12,1.0.2,9,1.0.0,9|11,1.0.0|1.0.1,3
STORM-1674,2016-04-01,2016-05-20,9,1.0.0,12,1.0.2,4,0.9.3,4|10|11,0.9.3|0.10.1|1.0.1,2
STORM-1862,2016-05-24,2016-05-24,12,1.0.2,12,1.0.2,9,1.0.0,9|11,1.0.0|1.0.1,1
STORM-1851,2016-05-19,2016-05-24,12,1.0.2,12,1.0.2,11,1.0.1,11,1.0.1,2
STORM-1848,2016-05-18,2016-05-24,12,1.0.2,12,1.0.2,11,1.0.1,11|26,1.0.1|2.0.0,4
STORM-1728,2016-04-23,2016-05-24,10,0.10.1,12,1.0.2,9,1.0.0,9,1.0.0,2
STORM-1859,2016-05-23,2016-05-25,12,1.0.2,12,1.0.2,12,1.0.2,,,2
STORM-1861,2016-05-23,2016-06-01,12,1.0.2,12,1.0.2,9,1.0.0,9,1.0.0,4
STORM-1853,2016-05-20,2016-06-01,12,1.0.2,12,1.0.2,9,1.0.0,9,1.0.0,4
STORM-1749,2016-04-29,2016-06-01,10,0.10.1,12,1.0.2,10,0.10.1,,,3
STORM-1878,2016-06-02,2016-06-07,12,1.0.2,12,1.0.2,11,1.0.1,11,1.0.1,4
STORM-1887,2016-06-07,2016-06-08,12,1.0.2,12,1.0.2,11,1.0.1,11,1.0.1,2
STORM-1864,2016-05-25,2016-06-08,12,1.0.2,12,1.0.2,12,1.0.2,,,5
STORM-1884,2016-06-06,2016-06-09,12,1.0.2,12,1.0.2,12,1.0.2,,,2
STORM-1882,2016-06-05,2016-06-09,12,1.0.2,12,1.0.2,9,1.0.0,9|11,1.0.0|1.0.1,2
STORM-1771,2016-05-09,2016-06-09,12,1.0.2,12,1.0.2,12,1.0.2,,,2
STORM-1575,2016-02-25,2016-06-09,9,1.0.0,12,1.0.2,9,1.0.0,9|26,1.0.0|2.0.0,2
STORM-1841,2016-05-16,2016-06-13,12,1.0.2,12,1.0.2,11,1.0.1,11|26,1.0.1|2.0.0,4
STORM-1906,2016-06-15,2016-06-16,12,1.0.2,12,1.0.2,11,1.0.1,11|26,1.0.1|2.0.0,3
STORM-394,2014-07-08,2016-06-20,4,0.9.3,12,1.0.2,2,0.9.1-incubating,2,0.9.1-incubating,0
STORM-1920,2016-06-22,2016-06-22,12,1.0.2,12,1.0.2,12,1.0.2,26,2.0.0,3
STORM-1911,2016-06-17,2016-06-22,12,1.0.2,12,1.0.2,12,1.0.2,16|26,1.1.0|2.0.0,5
STORM-1925,2016-06-23,2016-06-24,12,1.0.2,12,1.0.2,12,1.0.2,16|26,1.1.0|2.0.0,3
STORM-1907,2016-06-16,2016-06-24,12,1.0.2,12,1.0.2,12,1.0.2,16,1.1.0,4
STORM-1924,2016-06-22,2016-06-28,12,1.0.2,12,1.0.2,9,1.0.0,9,1.0.0,3
STORM-973,2015-08-07,2016-06-29,7,0.10.0,12,1.0.2,5,0.9.4,5,0.9.4,0
STORM-1937,2016-06-30,2016-07-03,12,1.0.2,12,1.0.2,9,1.0.0,9|11,1.0.0|1.0.1,3
STORM-1832,2016-05-13,2016-07-04,12,1.0.2,12,1.0.2,9,1.0.0,9|11|26,1.0.0|1.0.1|2.0.0,0
STORM-1941,2016-07-01,2016-07-05,12,1.0.2,12,1.0.2,9,1.0.0,9|11,1.0.0|1.0.1,4
STORM-1946,2016-07-06,2016-07-08,12,1.0.2,12,1.0.2,12,1.0.2,,,2
STORM-1945,2016-07-06,2016-07-08,12,1.0.2,12,1.0.2,12,1.0.2,16|26,1.1.0|2.0.0,3
STORM-1844,2016-05-17,2016-07-08,12,1.0.2,12,1.0.2,12,1.0.2,26,2.0.0,3
STORM-1834,2016-05-13,2016-07-08,12,1.0.2,12,1.0.2,11,1.0.1,11|14,1.0.1|0.10.2,3
STORM-1461,2016-01-09,2016-07-09,9,1.0.0,12,1.0.2,8,0.9.6,,,0
STORM-1956,2016-07-08,2016-07-10,12,1.0.2,12,1.0.2,9,1.0.0,9|11,1.0.0|1.0.1,2
STORM-1942,2016-07-01,2016-07-10,12,1.0.2,12,1.0.2,12,1.0.2,26,2.0.0,2
STORM-1934,2016-06-29,2016-07-10,12,1.0.2,12,1.0.2,9,1.0.0,9|11|26,1.0.0|1.0.1|2.0.0,3
STORM-1954,2016-07-08,2016-07-11,12,1.0.2,12,1.0.2,12,1.0.2,,,3
STORM-1959,2016-07-11,2016-07-14,12,1.0.2,12,1.0.2,12,1.0.2,16|26,1.1.0|2.0.0,5
STORM-1939,2016-06-30,2016-07-14,12,1.0.2,12,1.0.2,11,1.0.1,11,1.0.1,3
STORM-1928,2016-06-23,2016-07-14,12,1.0.2,12,1.0.2,12,1.0.2,,,3
STORM-1968,2016-07-14,2016-07-15,12,1.0.2,12,1.0.2,12,1.0.2,,,0
STORM-1737,2016-04-28,2016-07-15,10,0.10.1,12,1.0.2,9,1.0.0,,,4
STORM-1909,2016-06-16,2016-07-18,12,1.0.2,12,1.0.2,12,1.0.2,12,1.0.2,4
STORM-1977,2016-07-17,2016-07-19,12,1.0.2,12,1.0.2,9,1.0.0,9|11,1.0.0|1.0.1,5
STORM-1976,2016-07-17,2016-07-19,12,1.0.2,12,1.0.2,9,1.0.0,9|11,1.0.0|1.0.1,4
STORM-1730,2016-04-26,2016-07-19,10,0.10.1,12,1.0.2,9,1.0.0,9,1.0.0,3
STORM-1988,2016-07-20,2016-07-21,12,1.0.2,12,1.0.2,12,1.0.2,16|26,1.1.0|2.0.0,3
STORM-1964,2016-07-12,2016-07-21,12,1.0.2,12,1.0.2,11,1.0.1,11,1.0.1,3
STORM-1962,2016-07-11,2016-07-21,12,1.0.2,12,1.0.2,12,1.0.2,26,2.0.0,3
STORM-2000,2016-07-22,2016-07-25,12,1.0.2,12,1.0.2,12,1.0.2,16,1.1.0,3
STORM-1995,2016-07-21,2016-07-31,12,1.0.2,12,1.0.2,7,0.10.0,7|9|26,0.10.0|1.0.0|2.0.0,4
STORM-1594,2016-03-02,2016-07-31,9,1.0.0,12,1.0.2,8,0.9.6,,,3
STORM-2022,2016-08-04,2016-08-05,12,1.0.2,12,1.0.2,12,1.0.2,26,2.0.0,3
STORM-2021,2016-08-04,2016-08-05,12,1.0.2,12,1.0.2,12,1.0.2,16|26,1.1.0|2.0.0,3
STORM-2020,2016-08-04,2016-08-05,12,1.0.2,12,1.0.2,12,1.0.2,26,2.0.0,5
STORM-2026,2016-08-08,2016-08-10,12,1.0.2,12,1.0.2,12,1.0.2,26,2.0.0,4
STORM-2036,2016-08-11,2016-08-11,13,0.9.7,13,0.9.7,13,0.9.7,,,1
STORM-2032,2016-08-10,2016-08-12,12,1.0.2,13,0.9.7,11,1.0.1,26,2.0.0,3
STORM-2023,2016-08-05,2016-08-12,12,1.0.2,13,0.9.7,9,1.0.0,9,1.0.0,3
STORM-1999,2016-07-22,2016-08-12,12,1.0.2,13,0.9.7,9,1.0.0,9|16,1.0.0|1.1.0,2
STORM-2037,2016-08-12,2016-08-14,13,0.9.7,13,0.9.7,13,0.9.7,26,2.0.0,3
STORM-1915,2016-06-18,2016-08-17,12,1.0.2,13,0.9.7,11,1.0.1,11,1.0.1,0
STORM-1879,2016-06-02,2016-08-17,12,1.0.2,13,0.9.7,11,1.0.1,11,1.0.1,0
STORM-2042,2016-08-17,2016-08-19,13,0.9.7,13,0.9.7,13,0.9.7,,,4
STORM-2045,2016-08-18,2016-08-22,13,0.9.7,13,0.9.7,13,0.9.7,26,2.0.0,2
STORM-2047,2016-08-18,2016-08-23,13,0.9.7,13,0.9.7,13,0.9.7,,,4
STORM-1881,2016-06-03,2016-08-30,12,1.0.2,13,0.9.7,11,1.0.1,11,1.0.1,0
STORM-2064,2016-08-29,2016-08-31,13,0.9.7,13,0.9.7,13,0.9.7,,,5
STORM-2056,2016-08-25,2016-08-31,13,0.9.7,13,0.9.7,13,0.9.7,,,5
STORM-1646,2016-03-22,2016-08-31,9,1.0.0,13,0.9.7,8,0.9.6,,,3
STORM-2070,2016-08-30,2016-09-01,13,0.9.7,13,0.9.7,12,1.0.2,12|26,1.0.2|2.0.0,3
STORM-1344,2015-11-24,2016-09-02,9,1.0.0,13,0.9.7,9,1.0.0,9,1.0.0,5
STORM-2079,2016-09-01,2016-09-06,13,0.9.7,13,0.9.7,13,0.9.7,,,4
STORM-2074,2016-08-31,2016-09-06,13,0.9.7,13,0.9.7,13,0.9.7,,,4
STORM-2059,2016-08-26,2016-09-06,13,0.9.7,13,0.9.7,13,0.9.7,,,0
STORM-2054,2016-08-24,2016-09-06,13,0.9.7,13,0.9.7,13,0.9.7,16,1.1.0,5
STORM-829,2015-05-19,2016-09-09,6,0.9.5,14,0.10.2,5,0.9.4,,,9
STORM-2067,2016-08-29,2016-09-13,13,0.9.7,14,0.10.2,12,1.0.2,26,2.0.0,2
STORM-1987,2016-07-20,2016-09-13,12,1.0.2,14,0.10.2,11,1.0.1,,,3
STORM-1849,2016-05-18,2016-09-13,12,1.0.2,14,0.10.2,9,1.0.0,9,1.0.0,2
STORM-408,2014-07-17,2016-09-13,4,0.9.3,14,0.10.2,1,0.9.0.1,1,0.9.0.1,0
STORM-2098,2016-09-16,2016-09-19,15,1.0.3,15,1.0.3,15,1.0.3,,,3
STORM-1837,2016-05-15,2016-09-19,12,1.0.2,15,1.0.3,9,1.0.0,9|11|26,1.0.0|1.0.1|2.0.0,14
STORM-2100,2016-09-19,2016-09-21,15,1.0.3,15,1.0.3,15,1.0.3,,,4
STORM-2120,2016-09-22,2016-09-23,15,1.0.3,15,1.0.3,9,1.0.0,9|11|12|26,1.0.0|1.0.1|1.0.2|2.0.0,2
STORM-2110,2016-09-21,2016-09-23,15,1.0.3,15,1.0.3,15,1.0.3,26,2.0.0,4
STORM-2088,2016-09-12,2016-09-23,14,0.10.2,15,1.0.3,13,0.9.7,26,2.0.0,2
STORM-1872,2016-05-30,2016-09-23,12,1.0.2,15,1.0.3,9,1.0.0,9|11|14,1.0.0|1.0.1|0.10.2,4
STORM-1567,2016-02-22,2016-09-23,9,1.0.0,15,1.0.3,8,0.9.6,26,2.0.0,4
STORM-2119,2016-09-22,2016-09-25,15,1.0.3,15,1.0.3,15,1.0.3,26,2.0.0,4
STORM-2118,2016-09-22,2016-09-25,15,1.0.3,15,1.0.3,15,1.0.3,26,2.0.0,5
STORM-2109,2016-09-21,2016-09-25,15,1.0.3,15,1.0.3,15,1.0.3,26,2.0.0,4
STORM-2017,2016-08-03,2016-09-28,12,1.0.2,15,1.0.3,11,1.0.1,11|15,1.0.1|1.0.3,3
STORM-2126,2016-09-27,2016-09-29,15,1.0.3,15,1.0.3,15,1.0.3,,,7
STORM-2066,2016-08-29,2016-10-01,13,0.9.7,15,1.0.3,12,1.0.2,,,4
STORM-2040,2016-08-16,2016-10-01,13,0.9.7,15,1.0.3,12,1.0.2,12|16,1.0.2|1.1.0,3
STORM-2144,2016-10-10,2016-10-11,15,1.0.3,15,1.0.3,15,1.0.3,26,2.0.0,2
STORM-2131,2016-10-03,2016-10-11,15,1.0.3,15,1.0.3,15,1.0.3,,,1
STORM-2128,2016-09-27,2016-10-16,15,1.0.3,15,1.0.3,15,1.0.3,26,2.0.0,0
STORM-2115,2016-09-22,2016-10-17,15,1.0.3,15,1.0.3,15,1.0.3,,,0
STORM-2142,2016-10-10,2016-10-18,15,1.0.3,15,1.0.3,15,1.0.3,26,2.0.0,3
STORM-2158,2016-10-20,2016-10-25,15,1.0.3,15,1.0.3,15,1.0.3,15|26,1.0.3|2.0.0,5
STORM-1985,2016-07-20,2016-10-25,12,1.0.2,15,1.0.3,11,1.0.1,,,3
STORM-2117,2016-09-22,2016-10-27,15,1.0.3,15,1.0.3,15,1.0.3,,,4
STORM-2175,2016-10-27,2016-11-03,15,1.0.3,15,1.0.3,15,1.0.3,16|26,1.1.0|2.0.0,7
STORM-2076,2016-09-01,2016-11-03,13,0.9.7,15,1.0.3,12,1.0.2,12,1.0.2,0
STORM-203,2014-01-28,2016-11-03,2,0.9.1-incubating,15,1.0.3,1,0.9.0.1,,,5
STORM-2185,2016-11-02,2016-11-07,15,1.0.3,15,1.0.3,15,1.0.3,,,3
STORM-2184,2016-11-02,2016-11-07,15,1.0.3,15,1.0.3,15,1.0.3,,,4
STORM-2189,2016-11-07,2016-11-09,15,1.0.3,15,1.0.3,15,1.0.3,,,3
STORM-2197,2016-11-10,2016-11-11,15,1.0.3,15,1.0.3,15,1.0.3,26,2.0.0,2
STORM-2196,2016-11-10,2016-11-14,15,1.0.3,15,1.0.3,15,1.0.3,,,4
STORM-2198,2016-11-11,2016-11-16,15,1.0.3,15,1.0.3,8,0.9.6,8|9|11|12,0.9.6|1.0.0|1.0.1|1.0.2,4
STORM-2205,2016-11-17,2016-11-20,15,1.0.3,15,1.0.3,15,1.0.3,15|26,1.0.3|2.0.0,2
STORM-2195,2016-11-09,2016-11-21,15,1.0.3,15,1.0.3,15,1.0.3,,,3
STORM-2052,2016-08-23,2016-11-22,13,0.9.7,15,1.0.3,12,1.0.2,15|16,1.0.3|1.1.0,4
STORM-2210,2016-11-21,2016-11-23,15,1.0.3,15,1.0.3,12,1.0.2,12,1.0.2,5
STORM-2213,2016-11-22,2016-11-24,15,1.0.3,15,1.0.3,15,1.0.3,,,3
STORM-2208,2016-11-19,2016-11-24,15,1.0.3,15,1.0.3,12,1.0.2,12|16,1.0.2|1.1.0,4
STORM-2174,2016-10-25,2016-11-30,15,1.0.3,15,1.0.3,15,1.0.3,,,0
STORM-2226,2016-11-30,2016-12-02,15,1.0.3,15,1.0.3,15,1.0.3,26,2.0.0,2
STORM-2234,2016-12-03,2016-12-06,15,1.0.3,15,1.0.3,15,1.0.3,,,2
STORM-2246,2016-12-16,2016-12-18,15,1.0.3,15,1.0.3,15,1.0.3,,,4
STORM-2245,2016-12-15,2016-12-18,15,1.0.3,15,1.0.3,15,1.0.3,26,2.0.0,4
STORM-2193,2016-11-08,2016-12-18,15,1.0.3,15,1.0.3,15,1.0.3,26,2.0.0,4
STORM-2101,2016-09-19,2016-12-18,15,1.0.3,15,1.0.3,15,1.0.3,,,4
STORM-2239,2016-12-09,2016-12-20,15,1.0.3,15,1.0.3,15,1.0.3,16|26,1.1.0|2.0.0,3
STORM-2190,2016-11-07,2016-12-20,15,1.0.3,15,1.0.3,7,0.10.0,7|9|26,0.10.0|1.0.0|2.0.0,4
STORM-2087,2016-09-11,2016-12-20,14,0.10.2,15,1.0.3,12,1.0.2,12|26,1.0.2|2.0.0,3
STORM-2251,2016-12-18,2016-12-22,15,1.0.3,15,1.0.3,15,1.0.3,,,4
STORM-2222,2016-11-28,2016-12-22,15,1.0.3,15,1.0.3,15,1.0.3,,,0
STORM-2256,2016-12-26,2016-12-27,15,1.0.3,15,1.0.3,15,1.0.3,,,0
STORM-2257,2016-12-26,2016-12-28,15,1.0.3,15,1.0.3,15,1.0.3,,,3
STORM-2104,2016-09-20,2016-12-29,15,1.0.3,15,1.0.3,15,1.0.3,16|26,1.1.0|2.0.0,7
STORM-2095,2016-09-14,2017-01-03,14,0.10.2,15,1.0.3,9,1.0.0,9|11|12|15|16,1.0.0|1.0.1|1.0.2|1.0.3|1.1.0,3
STORM-2267,2017-01-03,2017-01-04,15,1.0.3,15,1.0.3,15,1.0.3,16|26,1.1.0|2.0.0,3
STORM-1694,2016-04-07,2017-01-05,9,1.0.0,15,1.0.3,7,0.10.0,,,4
STORM-2276,2017-01-05,2017-01-06,15,1.0.3,15,1.0.3,15,1.0.3,15|16|26,1.0.3|1.1.0|2.0.0,3
STORM-2275,2017-01-04,2017-01-06,15,1.0.3,15,1.0.3,15,1.0.3,26,2.0.0,3
STORM-2272,2017-01-04,2017-01-06,15,1.0.3,15,1.0.3,15,1.0.3,26,2.0.0,5
STORM-2274,2017-01-04,2017-01-09,15,1.0.3,15,1.0.3,15,1.0.3,,,2
STORM-2271,2017-01-04,2017-01-09,15,1.0.3,15,1.0.3,15,1.0.3,,,3
STORM-2264,2016-12-27,2017-01-09,15,1.0.3,15,1.0.3,15,1.0.3,15|16|26,1.0.3|1.1.0|2.0.0,3
STORM-2279,2017-01-05,2017-01-10,15,1.0.3,15,1.0.3,15,1.0.3,26,2.0.0,3
STORM-2283,2017-01-11,2017-01-12,15,1.0.3,15,1.0.3,15,1.0.3,16|26,1.1.0|2.0.0,4
STORM-2268,2017-01-03,2017-01-12,15,1.0.3,15,1.0.3,15,1.0.3,,,3
STORM-2293,2017-01-16,2017-01-18,15,1.0.3,15,1.0.3,12,1.0.2,12|16|26,1.0.2|1.1.0|2.0.0,3
STORM-2295,2017-01-16,2017-01-19,15,1.0.3,15,1.0.3,15,1.0.3,,,3
STORM-2176,2016-10-28,2017-01-20,15,1.0.3,15,1.0.3,9,1.0.0,9|11|12,1.0.0|1.0.1|1.0.2,3
STORM-2305,2017-01-19,2017-01-23,15,1.0.3,15,1.0.3,15,1.0.3,26,2.0.0,3
STORM-2303,2017-01-19,2017-01-23,15,1.0.3,15,1.0.3,15,1.0.3,16|26,1.1.0|2.0.0,4
STORM-2330,2017-01-27,2017-01-30,15,1.0.3,15,1.0.3,15,1.0.3,,,4
STORM-2325,2017-01-25,2017-01-30,15,1.0.3,15,1.0.3,15,1.0.3,,,4
STORM-2323,2017-01-25,2017-02-01,15,1.0.3,15,1.0.3,15,1.0.3,,,3
STORM-2228,2016-11-30,2017-02-01,15,1.0.3,15,1.0.3,9,1.0.0,9|11|12|15|16|26,1.0.0|1.0.1|1.0.2|1.0.3|1.1.0|2.0.0,1
STORM-2336,2017-02-01,2017-02-02,15,1.0.3,15,1.0.3,15,1.0.3,,,3
STORM-2335,2017-02-01,2017-02-02,15,1.0.3,15,1.0.3,15,1.0.3,,,4
STORM-2331,2017-01-28,2017-02-02,15,1.0.3,15,1.0.3,15,1.0.3,,,3
STORM-2320,2017-01-24,2017-02-02,15,1.0.3,15,1.0.3,15,1.0.3,26,2.0.0,3
STORM-2324,2017-01-25,2017-02-03,15,1.0.3,15,1.0.3,15,1.0.3,,,4
STORM-2321,2017-01-24,2017-02-03,15,1.0.3,15,1.0.3,9,1.0.0,9|11|12|16|26,1.0.0|1.0.1|1.0.2|1.1.0|2.0.0,4
STORM-2337,2017-02-02,2017-02-04,15,1.0.3,15,1.0.3,9,1.0.0,9|11|12,1.0.0|1.0.1|1.0.2,1
STORM-2338,2017-02-03,2017-02-07,15,1.0.3,15,1.0.3,15,1.0.3,26,2.0.0,3
STORM-2350,2017-02-07,2017-02-08,15,1.0.3,15,1.0.3,9,1.0.0,9|26,1.0.0|2.0.0,2
STORM-2281,2017-01-10,2017-02-08,15,1.0.3,15,1.0.3,9,1.0.0,9,1.0.0,4
STORM-2270,2017-01-04,2017-02-08,15,1.0.3,15,1.0.3,8,0.9.6,8|9,0.9.6|1.0.0,0
STORM-2266,2016-12-29,2017-02-22,15,1.0.3,16,1.1.0,14,0.10.2,,,5
STORM-1363,2015-12-03,2017-02-22,9,1.0.0,16,1.1.0,6,0.9.5,10,0.10.1,3
STORM-2374,2017-02-22,2017-02-24,16,1.1.0,16,1.1.0,16,1.1.0,16|26,1.1.0|2.0.0,3
STORM-2372,2017-02-21,2017-02-24,16,1.1.0,16,1.1.0,16,1.1.0,26,2.0.0,1
STORM-2360,2017-02-14,2017-02-24,15,1.0.3,16,1.1.0,15,1.0.3,15,1.0.3,0
STORM-2334,2017-01-31,2017-02-24,15,1.0.3,16,1.1.0,14,0.10.2,26,2.0.0,2
STORM-1736,2016-04-27,2017-02-27,10,0.10.1,16,1.1.0,7,0.10.0,,,0
STORM-2391,2017-03-01,2017-03-04,16,1.1.0,16,1.1.0,16,1.1.0,16,1.1.0,3
STORM-2389,2017-03-01,2017-03-04,16,1.1.0,16,1.1.0,16,1.1.0,16,1.1.0,3
STORM-2386,2017-02-28,2017-03-04,16,1.1.0,16,1.1.0,15,1.0.3,15|16|26,1.0.3|1.1.0|2.0.0,2
STORM-2395,2017-03-03,2017-03-06,16,1.1.0,16,1.1.0,15,1.0.3,15,1.0.3,0
STORM-2385,2017-02-27,2017-03-06,16,1.1.0,16,1.1.0,16,1.1.0,17,1.0.4,0
STORM-2346,2017-02-06,2017-03-08,15,1.0.3,16,1.1.0,14,0.10.2,,,3
STORM-2194,2016-11-09,2017-03-08,15,1.0.3,16,1.1.0,12,1.0.2,12|26,1.0.2|2.0.0,2
STORM-1772,2016-05-09,2017-03-08,12,1.0.2,16,1.1.0,10,0.10.1,,,3
STORM-2400,2017-03-08,2017-03-09,16,1.1.0,16,1.1.0,16,1.1.0,,,4
STORM-2396,2017-03-04,2017-03-09,16,1.1.0,16,1.1.0,16,1.1.0,,,3
STORM-2387,2017-02-28,2017-03-09,16,1.1.0,16,1.1.0,16,1.1.0,,,5
STORM-2361,2017-02-14,2017-03-09,15,1.0.3,16,1.1.0,14,0.10.2,16,1.1.0,3
STORM-2345,2017-02-05,2017-03-09,15,1.0.3,16,1.1.0,15,1.0.3,15|26,1.0.3|2.0.0,3
STORM-2408,2017-03-11,2017-03-13,16,1.1.0,16,1.1.0,16,1.1.0,,,3
STORM-2403,2017-03-09,2017-03-13,16,1.1.0,16,1.1.0,16,1.1.0,16|17|26,1.1.0|1.0.4|2.0.0,4
STORM-2420,2017-03-16,2017-03-16,16,1.1.0,16,1.1.0,16,1.1.0,,,0
STORM-2422,2017-03-17,2017-03-20,16,1.1.0,16,1.1.0,16,1.1.0,,,4
STORM-2414,2017-03-15,2017-03-20,16,1.1.0,16,1.1.0,16,1.1.0,16|17|26,1.1.0|1.0.4|2.0.0,3
STORM-2411,2017-03-14,2017-03-20,16,1.1.0,16,1.1.0,16,1.1.0,,,4
STORM-2407,2017-03-10,2017-03-20,16,1.1.0,16,1.1.0,16,1.1.0,26,2.0.0,3
STORM-2423,2017-03-18,2017-03-21,16,1.1.0,16,1.1.0,16,1.1.0,26,2.0.0,2
STORM-2427,2017-03-21,2017-03-22,16,1.1.0,16,1.1.0,16,1.1.0,26,2.0.0,2
STORM-2425,2017-03-20,2017-03-22,16,1.1.0,16,1.1.0,16,1.1.0,26,2.0.0,3
STORM-2412,2017-03-14,2017-03-22,16,1.1.0,16,1.1.0,16,1.1.0,,,2
STORM-2409,2017-03-14,2017-03-22,16,1.1.0,16,1.1.0,16,1.1.0,26,2.0.0,3
STORM-2388,2017-02-28,2017-03-22,16,1.1.0,16,1.1.0,16,1.1.0,16,1.1.0,0
STORM-2432,2017-03-23,2017-03-26,16,1.1.0,16,1.1.0,16,1.1.0,,,2
STORM-2450,2017-04-01,2017-04-03,17,1.0.4,17,1.0.4,15,1.0.3,15|16|26,1.0.3|1.1.0|2.0.0,5
STORM-2451,2017-04-02,2017-04-04,17,1.0.4,17,1.0.4,16,1.1.0,16,1.1.0,4
STORM-2440,2017-03-30,2017-04-04,17,1.0.4,17,1.0.4,10,0.10.1,10|11|12|16,0.10.1|1.0.1|1.0.2|1.1.0,0
STORM-2431,2017-03-22,2017-04-05,16,1.1.0,17,1.0.4,15,1.0.3,,,2
STORM-2429,2017-03-21,2017-04-05,16,1.1.0,17,1.0.4,15,1.0.3,15,1.0.3,2
STORM-2457,2017-04-06,2017-04-07,17,1.0.4,17,1.0.4,17,1.0.4,,,2
STORM-2454,2017-04-05,2017-04-07,17,1.0.4,17,1.0.4,17,1.0.4,,,2
STORM-2463,2017-04-11,2017-04-12,17,1.0.4,17,1.0.4,17,1.0.4,,,6
STORM-2469,2017-04-12,2017-04-13,17,1.0.4,17,1.0.4,17,1.0.4,,,3
STORM-2435,2017-03-27,2017-04-13,16,1.1.0,17,1.0.4,15,1.0.3,,,5
STORM-1114,2015-10-15,2017-04-13,7,0.10.0,17,1.0.4,3,0.9.2-incubating,,,3
STORM-2476,2017-04-14,2017-04-14,17,1.0.4,17,1.0.4,17,1.0.4,,,2
STORM-2474,2017-04-13,2017-04-14,17,1.0.4,17,1.0.4,17,1.0.4,,,3
STORM-2467,2017-04-11,2017-04-14,17,1.0.4,17,1.0.4,16,1.1.0,16,1.1.0,3
STORM-2315,2017-01-23,2017-04-14,15,1.0.3,17,1.0.4,14,0.10.2,,,2
STORM-2475,2017-04-14,2017-04-15,17,1.0.4,17,1.0.4,9,1.0.0,9|26,1.0.0|2.0.0,5
STORM-2480,2017-04-17,2017-04-19,17,1.0.4,17,1.0.4,17,1.0.4,,,2
STORM-2486,2017-04-21,2017-04-28,17,1.0.4,17,1.0.4,17,1.0.4,,,5
STORM-2371,2017-02-21,2017-05-04,16,1.1.0,17,1.0.4,15,1.0.3,,,1
STORM-2498,2017-05-03,2017-05-08,17,1.0.4,17,1.0.4,17,1.0.4,,,0
STORM-2479,2017-04-16,2017-05-08,17,1.0.4,17,1.0.4,17,1.0.4,,,4
STORM-2511,2017-05-13,2017-05-15,17,1.0.4,17,1.0.4,17,1.0.4,26,2.0.0,5
STORM-2496,2017-04-28,2017-05-17,17,1.0.4,17,1.0.4,16,1.1.0,16|26,1.1.0|2.0.0,3
STORM-2520,2017-05-17,2017-05-18,17,1.0.4,17,1.0.4,17,1.0.4,21|26,1.2.0|2.0.0,2
STORM-2518,2017-05-17,2017-05-20,17,1.0.4,17,1.0.4,17,1.0.4,18|26,1.1.1|2.0.0,4
STORM-2413,2017-03-14,2017-05-21,16,1.1.0,17,1.0.4,15,1.0.3,,,4
STORM-2343,2017-02-03,2017-05-21,15,1.0.3,17,1.0.4,14,0.10.2,16|26,1.1.0|2.0.0,3
STORM-2526,2017-05-22,2017-05-23,17,1.0.4,17,1.0.4,17,1.0.4,,,5
STORM-2516,2017-05-16,2017-05-30,17,1.0.4,17,1.0.4,17,1.0.4,26,2.0.0,4
STORM-2489,2017-04-24,2017-05-30,17,1.0.4,17,1.0.4,12,1.0.2,12,1.0.2,4
STORM-2536,2017-05-29,2017-05-31,17,1.0.4,17,1.0.4,17,1.0.4,21|26,1.2.0|2.0.0,4
STORM-2505,2017-05-08,2017-06-01,17,1.0.4,17,1.0.4,17,1.0.4,,,7
STORM-2535,2017-05-25,2017-06-02,17,1.0.4,17,1.0.4,17,1.0.4,,,5
STORM-2532,2017-05-25,2017-06-02,17,1.0.4,17,1.0.4,17,1.0.4,26,2.0.0,5
STORM-2503,2017-05-04,2017-06-02,17,1.0.4,17,1.0.4,17,1.0.4,,,8
STORM-2525,2017-05-20,2017-06-09,17,1.0.4,17,1.0.4,17,1.0.4,26,2.0.0,5
STORM-1642,2016-03-21,2017-06-12,9,1.0.0,17,1.0.4,7,0.10.0,7,0.10.0,5
STORM-2557,2017-06-17,2017-06-20,17,1.0.4,17,1.0.4,17,1.0.4,,,3
STORM-2449,2017-04-01,2017-06-20,17,1.0.4,17,1.0.4,16,1.1.0,16|26,1.1.0|2.0.0,3
STORM-2552,2017-06-14,2017-06-21,17,1.0.4,17,1.0.4,17,1.0.4,,,4
STORM-2563,2017-06-21,2017-06-22,17,1.0.4,17,1.0.4,17,1.0.4,,,4
STORM-2562,2017-06-20,2017-06-22,17,1.0.4,17,1.0.4,17,1.0.4,,,4
STORM-2555,2017-06-15,2017-06-24,17,1.0.4,17,1.0.4,17,1.0.4,,,4
STORM-2568,2017-06-23,2017-06-25,17,1.0.4,17,1.0.4,16,1.1.0,16,1.1.0,0
STORM-2599,2017-06-24,2017-06-29,17,1.0.4,17,1.0.4,17,1.0.4,21|26,1.2.0|2.0.0,4
STORM-2597,2017-06-23,2017-06-29,17,1.0.4,17,1.0.4,17,1.0.4,,,5
STORM-2564,2017-06-21,2017-06-29,17,1.0.4,17,1.0.4,17,1.0.4,,,3
STORM-2559,2017-06-19,2017-06-29,17,1.0.4,17,1.0.4,17,1.0.4,,,3
STORM-2558,2017-06-17,2017-06-30,17,1.0.4,17,1.0.4,17,1.0.4,,,4
STORM-2488,2017-04-24,2017-07-03,17,1.0.4,17,1.0.4,17,1.0.4,26,2.0.0,1
STORM-2602,2017-06-26,2017-07-06,17,1.0.4,17,1.0.4,17,1.0.4,,,3
STORM-2478,2017-04-16,2017-07-07,17,1.0.4,17,1.0.4,17,1.0.4,,,4
STORM-2608,2017-06-29,2017-07-10,17,1.0.4,17,1.0.4,7,0.10.0,7|17|18,0.10.0|1.0.4|1.1.1,3
STORM-2093,2016-09-13,2017-07-10,14,0.10.2,17,1.0.4,12,1.0.2,,,4
STORM-1997,2016-07-21,2017-07-12,12,1.0.2,17,1.0.4,9,1.0.0,9,1.0.0,1
STORM-2240,2016-12-12,2017-07-17,15,1.0.3,17,1.0.4,14,0.10.2,26,2.0.0,3
STORM-2639,2017-07-18,2017-07-18,17,1.0.4,17,1.0.4,16,1.1.0,16,1.1.0,3
STORM-2544,2017-06-07,2017-07-18,17,1.0.4,17,1.0.4,16,1.1.0,16,1.1.0,4
STORM-2541,2017-06-05,2017-07-18,17,1.0.4,17,1.0.4,16,1.1.0,16|18|26,1.1.0|1.1.1|2.0.0,5
STORM-2642,2017-07-19,2017-07-20,17,1.0.4,17,1.0.4,16,1.1.0,16|26,1.1.0|2.0.0,4
STORM-2641,2017-07-19,2017-07-20,17,1.0.4,17,1.0.4,17,1.0.4,26,2.0.0,4
STORM-2638,2017-07-17,2017-07-20,17,1.0.4,17,1.0.4,17,1.0.4,,,2
STORM-2645,2017-07-19,2017-07-21,17,1.0.4,17,1.0.4,16,1.1.0,16,1.1.0,3
STORM-2627,2017-07-13,2017-07-21,17,1.0.4,17,1.0.4,17,1.0.4,,,4
STORM-2621,2017-07-10,2017-07-21,17,1.0.4,17,1.0.4,17,1.0.4,18|21|26,1.1.1|1.2.0|2.0.0,4
STORM-2652,2017-07-21,2017-07-23,17,1.0.4,17,1.0.4,16,1.1.0,16|26,1.1.0|2.0.0,4
STORM-2659,2017-07-25,2017-07-26,17,1.0.4,17,1.0.4,16,1.1.0,16,1.1.0,1
STORM-2655,2017-07-24,2017-07-31,17,1.0.4,18,1.1.1,16,1.1.0,,,4
STORM-2613,2017-07-03,2017-08-03,17,1.0.4,19,1.0.5,16,1.1.0,,,1
STORM-2676,2017-08-03,2017-08-04,19,1.0.5,19,1.0.5,19,1.0.5,,,3
STORM-2677,2017-08-03,2017-08-05,19,1.0.5,19,1.0.5,19,1.0.5,,,0
STORM-2674,2017-08-02,2017-08-09,19,1.0.5,19,1.0.5,19,1.0.5,,,4
STORM-2028,2016-08-09,2017-08-09,12,1.0.2,19,1.0.5,9,1.0.0,26,2.0.0,3
STORM-2692,2017-08-11,2017-08-19,19,1.0.5,19,1.0.5,19,1.0.5,,,0
STORM-2682,2017-08-07,2017-08-19,19,1.0.5,19,1.0.5,17,1.0.4,17|18,1.0.4|1.1.1,3
STORM-2500,2017-05-04,2017-08-19,17,1.0.4,19,1.0.5,16,1.1.0,16,1.1.0,0
STORM-2695,2017-08-18,2017-08-20,19,1.0.5,19,1.0.5,19,1.0.5,,,3
STORM-2700,2017-08-21,2017-08-23,19,1.0.5,19,1.0.5,19,1.0.5,,,4
STORM-2705,2017-08-23,2017-08-25,19,1.0.5,19,1.0.5,19,1.0.5,,,3
STORM-2701,2017-08-21,2017-08-25,19,1.0.5,19,1.0.5,19,1.0.5,,,0
STORM-2352,2017-02-09,2017-08-26,15,1.0.3,19,1.0.5,9,1.0.0,9|16,1.0.0|1.1.0,0
STORM-2231,2016-12-02,2017-08-26,15,1.0.3,19,1.0.5,11,1.0.1,11|16,1.0.1|1.1.0,2
STORM-2517,2017-05-16,2017-08-28,17,1.0.4,19,1.0.5,16,1.1.0,16,1.1.0,3
STORM-2522,2017-05-18,2017-08-30,17,1.0.4,19,1.0.5,16,1.1.0,26,2.0.0,0
STORM-2521,2017-05-18,2017-08-30,17,1.0.4,19,1.0.5,16,1.1.0,21|26,1.2.0|2.0.0,0
STORM-2071,2016-08-30,2017-08-30,13,0.9.7,19,1.0.5,11,1.0.1,11|26,1.0.1|2.0.0,0
STORM-2443,2017-03-31,2017-08-31,17,1.0.4,19,1.0.5,16,1.1.0,26,2.0.0,1
STORM-2660,2017-07-26,2017-09-04,17,1.0.4,19,1.0.5,16,1.1.0,16|17|26,1.1.0|1.0.4|2.0.0,2
STORM-2678,2017-08-04,2017-09-07,19,1.0.5,19,1.0.5,19,1.0.5,,,10
STORM-2635,2017-07-17,2017-09-07,17,1.0.4,19,1.0.5,16,1.1.0,26,2.0.0,4
STORM-2445,2017-03-31,2017-09-07,17,1.0.4,19,1.0.5,16,1.1.0,26,2.0.0,4
STORM-2724,2017-09-07,2017-09-08,19,1.0.5,19,1.0.5,17,1.0.4,17|18|26,1.0.4|1.1.1|2.0.0,2
STORM-2533,2017-05-25,2017-09-08,17,1.0.4,19,1.0.5,16,1.1.0,26,2.0.0,4
STORM-2628,2017-07-14,2017-09-09,17,1.0.4,19,1.0.5,16,1.1.0,,,0
STORM-2734,2017-09-09,2017-09-11,19,1.0.5,19,1.0.5,19,1.0.5,26,2.0.0,3
STORM-2732,2017-09-08,2017-09-11,19,1.0.5,19,1.0.5,19,1.0.5,,,4
STORM-2729,2017-09-07,2017-09-11,19,1.0.5,19,1.0.5,19,1.0.5,,,4
STORM-2736,2017-09-11,2017-09-13,19,1.0.5,19,1.0.5,18,1.1.1,18,1.1.1,3
STORM-2675,2017-08-02,2017-09-13,19,1.0.5,19,1.0.5,16,1.1.0,16,1.1.0,4
STORM-2494,2017-04-27,2017-09-13,17,1.0.4,19,1.0.5,16,1.1.0,16,1.1.0,0
STORM-2733,2017-09-08,2017-09-14,19,1.0.5,19,1.0.5,9,1.0.0,9|26,1.0.0|2.0.0,4
STORM-2742,2017-09-18,2017-09-19,20,1.0.6,20,1.0.6,20,1.0.6,,,3
STORM-2738,2017-09-13,2017-09-19,19,1.0.5,20,1.0.6,18,1.1.1,,,4
STORM-2722,2017-09-06,2017-09-19,19,1.0.5,20,1.0.6,18,1.1.1,18|26,1.1.1|2.0.0,4
STORM-2534,2017-05-25,2017-09-19,17,1.0.4,20,1.0.6,15,1.0.3,26,2.0.0,1
STORM-2748,2017-09-20,2017-09-21,20,1.0.6,20,1.0.6,20,1.0.6,26,2.0.0,4
STORM-2751,2017-09-21,2017-09-22,20,1.0.6,20,1.0.6,20,1.0.6,,,2
STORM-2750,2017-09-21,2017-09-22,20,1.0.6,20,1.0.6,20,1.0.6,26,2.0.0,2
STORM-2758,2017-09-26,2017-09-28,20,1.0.6,20,1.0.6,20,1.0.6,,,3
STORM-2757,2017-09-25,2017-09-28,20,1.0.6,20,1.0.6,20,1.0.6,,,3
STORM-2765,2017-09-28,2017-10-02,20,1.0.6,20,1.0.6,20,1.0.6,,,4
STORM-2764,2017-09-28,2017-10-02,20,1.0.6,20,1.0.6,9,1.0.0,9|26,1.0.0|2.0.0,3
STORM-2756,2017-09-24,2017-10-02,20,1.0.6,20,1.0.6,20,1.0.6,21,1.2.0,0
STORM-2357,2017-02-14,2017-10-02,15,1.0.3,20,1.0.6,12,1.0.2,,,1
STORM-2769,2017-10-03,2017-10-04,20,1.0.6,20,1.0.6,20,1.0.6,,,3
STORM-2716,2017-08-31,2017-10-09,19,1.0.5,20,1.0.6,18,1.1.1,26,2.0.0,3
STORM-2666,2017-08-01,2017-10-09,18,1.1.1,20,1.0.6,9,1.0.0,9|16|18|21|26,1.0.0|1.1.0|1.1.1|1.2.0|2.0.0,3
STORM-2426,2017-03-20,2017-10-12,16,1.1.0,20,1.0.6,12,1.0.2,12,1.0.2,0
STORM-2771,2017-10-09,2017-10-13,20,1.0.6,20,1.0.6,20,1.0.6,26,2.0.0,4
STORM-2772,2017-10-10,2017-10-16,20,1.0.6,20,1.0.6,20,1.0.6,26,2.0.0,2
STORM-2777,2017-10-14,2017-10-17,20,1.0.6,20,1.0.6,20,1.0.6,,,4
STORM-2607,2017-06-29,2017-10-17,17,1.0.4,20,1.0.6,15,1.0.3,18|26,1.1.1|2.0.0,3
STORM-2779,2017-10-17,2017-10-18,20,1.0.6,20,1.0.6,20,1.0.6,21|22|26,1.2.0|1.1.2|2.0.0,3
STORM-2786,2017-10-23,2017-10-25,20,1.0.6,20,1.0.6,2,0.9.1-incubating,2|7|9|26,0.9.1-incubating|0.10.0|1.0.0|2.0.0,4
STORM-2706,2017-08-25,2017-10-25,19,1.0.5,20,1.0.6,18,1.1.1,18,1.1.1,2
STORM-2784,2017-10-23,2017-10-27,20,1.0.6,20,1.0.6,20,1.0.6,21|26,1.2.0|2.0.0,3
STORM-2787,2017-10-25,2017-10-30,20,1.0.6,20,1.0.6,20,1.0.6,21|26,1.2.0|2.0.0,3
STORM-2795,2017-11-01,2017-11-03,20,1.0.6,20,1.0.6,20,1.0.6,26,2.0.0,4
STORM-2803,2017-11-06,2017-11-08,20,1.0.6,20,1.0.6,20,1.0.6,26,2.0.0,3
STORM-2794,2017-10-31,2017-11-08,20,1.0.6,20,1.0.6,20,1.0.6,,,3
STORM-2804,2017-11-08,2017-11-09,20,1.0.6,20,1.0.6,20,1.0.6,,,3
STORM-2549,2017-06-10,2017-11-11,17,1.0.4,20,1.0.6,16,1.1.0,16|26,1.1.0|2.0.0,2
STORM-2808,2017-11-10,2017-11-12,20,1.0.6,20,1.0.6,20,1.0.6,,,3
STORM-2811,2017-11-12,2017-11-13,20,1.0.6,20,1.0.6,16,1.1.0,16|26,1.1.0|2.0.0,2
STORM-2810,2017-11-11,2017-11-14,20,1.0.6,20,1.0.6,20,1.0.6,22|26,1.1.2|2.0.0,3
STORM-2809,2017-11-11,2017-11-14,20,1.0.6,20,1.0.6,20,1.0.6,26,2.0.0,2
STORM-2814,2017-11-14,2017-11-15,20,1.0.6,20,1.0.6,20,1.0.6,,,2
STORM-2820,2017-11-15,2017-11-16,20,1.0.6,20,1.0.6,20,1.0.6,,,4
STORM-2815,2017-11-14,2017-11-16,20,1.0.6,20,1.0.6,20,1.0.6,,,2
STORM-2546,2017-06-08,2017-11-16,17,1.0.4,20,1.0.6,16,1.1.0,16|26,1.1.0|2.0.0,2
STORM-2825,2017-11-19,2017-11-21,20,1.0.6,20,1.0.6,20,1.0.6,21,1.2.0,0
STORM-2829,2017-11-21,2017-11-24,20,1.0.6,20,1.0.6,20,1.0.6,26,2.0.0,2
STORM-2833,2017-11-27,2017-11-28,20,1.0.6,20,1.0.6,9,1.0.0,9|26,1.0.0|2.0.0,2
STORM-2827,2017-11-20,2017-11-29,20,1.0.6,20,1.0.6,20,1.0.6,26,2.0.0,2
STORM-2834,2017-11-28,2017-12-05,20,1.0.6,20,1.0.6,20,1.0.6,,,3
STORM-2835,2017-11-29,2017-12-07,20,1.0.6,20,1.0.6,20,1.0.6,21|26,1.2.0|2.0.0,1
STORM-2850,2017-12-08,2017-12-11,20,1.0.6,20,1.0.6,20,1.0.6,21|26,1.2.0|2.0.0,2
STORM-2855,2017-12-14,2017-12-15,20,1.0.6,20,1.0.6,20,1.0.6,,,3
STORM-2845,2017-12-06,2017-12-15,20,1.0.6,20,1.0.6,20,1.0.6,26,2.0.0,2
STORM-2851,2017-12-10,2017-12-16,20,1.0.6,20,1.0.6,20,1.0.6,21|26,1.2.0|2.0.0,2
STORM-2826,2017-11-19,2017-12-16,20,1.0.6,20,1.0.6,20,1.0.6,21,1.2.0,0
STORM-2847,2017-12-07,2017-12-21,20,1.0.6,20,1.0.6,20,1.0.6,21|26,1.2.0|2.0.0,2
STORM-2868,2017-12-26,2017-12-26,20,1.0.6,20,1.0.6,16,1.1.0,16|18|22,1.1.0|1.1.1|1.1.2,1
STORM-2863,2017-12-21,2017-12-26,20,1.0.6,20,1.0.6,20,1.0.6,26,2.0.0,3
STORM-2844,2017-12-05,2017-12-26,20,1.0.6,20,1.0.6,20,1.0.6,21|26,1.2.0|2.0.0,2
STORM-2843,2017-12-05,2017-12-26,20,1.0.6,20,1.0.6,20,1.0.6,26,2.0.0,3
STORM-2690,2017-08-08,2017-12-26,19,1.0.5,20,1.0.6,15,1.0.3,15|16|17|18|19|22|26,1.0.3|1.1.0|1.0.4|1.1.1|1.0.5|1.1.2|2.0.0,3
STORM-2870,2017-12-27,2017-12-28,20,1.0.6,20,1.0.6,20,1.0.6,20|21|22|26,1.0.6|1.2.0|1.1.2|2.0.0,1
STORM-586,2014-12-05,2017-12-28,5,0.9.4,20,1.0.6,4,0.9.3,4,0.9.3,7
STORM-2869,2017-12-26,2017-12-29,20,1.0.6,20,1.0.6,20,1.0.6,21|26,1.2.0|2.0.0,3
STORM-2856,2017-12-14,2018-01-02,20,1.0.6,20,1.0.6,20,1.0.6,,,4
STORM-2881,2018-01-03,2018-01-05,20,1.0.6,20,1.0.6,20,1.0.6,,,0
STORM-2876,2018-01-02,2018-01-05,20,1.0.6,20,1.0.6,20,1.0.6,26,2.0.0,4
STORM-2879,2018-01-03,2018-01-08,20,1.0.6,20,1.0.6,20,1.0.6,26,2.0.0,3
STORM-2859,2017-12-15,2018-01-08,20,1.0.6,20,1.0.6,20,1.0.6,26,2.0.0,4
STORM-2629,2017-07-14,2018-01-09,17,1.0.4,20,1.0.6,15,1.0.3,,,0
STORM-2885,2018-01-08,2018-01-10,20,1.0.6,20,1.0.6,20,1.0.6,26,2.0.0,4
STORM-2893,2018-01-10,2018-01-12,20,1.0.6,20,1.0.6,20,1.0.6,26,2.0.0,2
STORM-2892,2018-01-10,2018-01-12,20,1.0.6,20,1.0.6,18,1.1.1,18|19|21|26,1.1.1|1.0.5|1.2.0|2.0.0,2
STORM-2894,2018-01-10,2018-01-15,20,1.0.6,20,1.0.6,18,1.1.1,18|19|21|26,1.1.1|1.0.5|1.2.0|2.0.0,3
STORM-2900,2018-01-18,2018-01-18,20,1.0.6,20,1.0.6,20,1.0.6,26,2.0.0,3
STORM-2903,2018-01-19,2018-01-21,20,1.0.6,20,1.0.6,20,1.0.6,26,2.0.0,3
STORM-2912,2018-01-25,2018-01-26,20,1.0.6,20,1.0.6,20,1.0.6,20|21|22|26,1.0.6|1.2.0|1.1.2|2.0.0,3
STORM-2910,2018-01-24,2018-02-01,20,1.0.6,20,1.0.6,20,1.0.6,26,2.0.0,5
STORM-2907,2018-01-23,2018-02-01,20,1.0.6,20,1.0.6,20,1.0.6,21,1.2.0,0
STORM-2906,2018-01-23,2018-02-01,20,1.0.6,20,1.0.6,20,1.0.6,,,4
STORM-2873,2017-12-29,2018-02-01,20,1.0.6,20,1.0.6,20,1.0.6,,,0
STORM-2927,2018-02-01,2018-02-02,20,1.0.6,20,1.0.6,18,1.1.1,18,1.1.1,0
STORM-2918,2018-01-31,2018-02-02,20,1.0.6,20,1.0.6,18,1.1.1,18|19|21|26,1.1.1|1.0.5|1.2.0|2.0.0,3
STORM-2853,2017-12-13,2018-02-02,20,1.0.6,20,1.0.6,16,1.1.0,16,1.1.0,3
STORM-2913,2018-01-27,2018-02-06,20,1.0.6,20,1.0.6,20,1.0.6,21|26,1.2.0|2.0.0,3
STORM-2942,2018-02-07,2018-02-07,20,1.0.6,20,1.0.6,16,1.1.0,16|18,1.1.0|1.1.1,0
STORM-2934,2018-02-05,2018-02-07,20,1.0.6,20,1.0.6,20,1.0.6,26,2.0.0,3
STORM-2941,2018-02-07,2018-02-08,20,1.0.6,20,1.0.6,20,1.0.6,26,2.0.0,4
STORM-2940,2018-02-07,2018-02-10,20,1.0.6,20,1.0.6,20,1.0.6,,,2
STORM-2932,2018-02-02,2018-02-14,20,1.0.6,20,1.0.6,20,1.0.6,,,3
STORM-2951,2018-02-16,2018-02-16,24,1.1.3,24,1.1.3,21,1.2.0,21,1.2.0,0
STORM-2955,2018-02-16,2018-02-18,24,1.1.3,24,1.1.3,24,1.1.3,,,0
STORM-2950,2018-02-14,2018-02-18,20,1.0.6,24,1.1.3,17,1.0.4,,,3
STORM-2957,2018-02-17,2018-02-20,24,1.1.3,24,1.1.3,19,1.0.5,19,1.0.5,0
STORM-2969,2018-02-21,2018-02-24,24,1.1.3,24,1.1.3,24,1.1.3,,,3
STORM-2967,2018-02-20,2018-02-26,24,1.1.3,24,1.1.3,24,1.1.3,,,3
STORM-2965,2018-02-20,2018-02-26,24,1.1.3,24,1.1.3,24,1.1.3,26,2.0.0,3
STORM-2911,2018-01-24,2018-02-26,20,1.0.6,24,1.1.3,18,1.1.1,18|19|21|26,1.1.1|1.0.5|1.2.0|2.0.0,2
STORM-2981,2018-02-27,2018-03-01,24,1.1.3,24,1.1.3,22,1.1.2,22|23|26,1.1.2|1.2.1|2.0.0,3
STORM-2980,2018-02-27,2018-03-01,24,1.1.3,24,1.1.3,24,1.1.3,26,2.0.0,3
STORM-2978,2018-02-26,2018-03-01,24,1.1.3,24,1.1.3,22,1.1.2,22|23|26,1.1.2|1.2.1|2.0.0,3
STORM-2976,2018-02-26,2018-03-01,24,1.1.3,24,1.1.3,24,1.1.3,,,1
STORM-2968,2018-02-20,2018-03-01,24,1.1.3,24,1.1.3,24,1.1.3,,,3
STORM-2691,2017-08-08,2018-03-01,19,1.0.5,24,1.1.3,18,1.1.1,18|26,1.1.1|2.0.0,3
STORM-2762,2017-09-27,2018-03-06,20,1.0.6,24,1.1.3,17,1.0.4,26,2.0.0,5
STORM-2986,2018-03-05,2018-03-07,24,1.1.3,24,1.1.3,24,1.1.3,,,4
STORM-2989,2018-03-07,2018-03-20,24,1.1.3,24,1.1.3,22,1.1.2,22|23|26,1.1.2|1.2.1|2.0.0,3
STORM-2987,2018-03-06,2018-03-20,24,1.1.3,24,1.1.3,24,1.1.3,26,2.0.0,3
STORM-3002,2018-03-21,2018-03-21,24,1.1.3,24,1.1.3,24,1.1.3,26,2.0.0,0
STORM-3012,2018-03-27,2018-03-30,24,1.1.3,24,1.1.3,24,1.1.3,,,4
STORM-3009,2018-03-25,2018-03-30,24,1.1.3,24,1.1.3,24,1.1.3,26,2.0.0,4
STORM-2993,2018-03-12,2018-03-30,24,1.1.3,24,1.1.3,24,1.1.3,,,4
STORM-3018,2018-04-01,2018-04-02,24,1.1.3,24,1.1.3,24,1.1.3,26,2.0.0,2
STORM-2994,2018-03-13,2018-04-03,24,1.1.3,24,1.1.3,20,1.0.6,20|22|23|26,1.0.6|1.1.2|1.2.1|2.0.0,3
STORM-2983,2018-02-28,2018-04-05,24,1.1.3,24,1.1.3,24,1.1.3,,,3
STORM-3020,2018-04-03,2018-04-10,24,1.1.3,24,1.1.3,24,1.1.3,26,2.0.0,3
STORM-2979,2018-02-27,2018-04-11,24,1.1.3,24,1.1.3,20,1.0.6,20,1.0.6,3
STORM-3023,2018-04-10,2018-04-13,24,1.1.3,24,1.1.3,24,1.1.3,,,3
STORM-3043,2018-04-26,2018-04-27,24,1.1.3,24,1.1.3,20,1.0.6,20|22|23|26,1.0.6|1.1.2|1.2.1|2.0.0,2
STORM-3052,2018-04-30,2018-04-30,24,1.1.3,24,1.1.3,9,1.0.0,9,1.0.0,1
STORM-3021,2018-04-09,2018-04-30,24,1.1.3,24,1.1.3,24,1.1.3,,,3
STORM-2985,2018-03-02,2018-05-01,24,1.1.3,24,1.1.3,20,1.0.6,20|22|23,1.0.6|1.1.2|1.2.1,0
STORM-2171,2016-10-21,2018-05-04,15,1.0.3,24,1.1.3,9,1.0.0,26,2.0.0,7
STORM-3059,2018-05-06,2018-05-07,24,1.1.3,24,1.1.3,24,1.1.3,24|25|26,1.1.3|1.2.2|2.0.0,3
STORM-3063,2018-05-08,2018-05-10,24,1.1.3,24,1.1.3,24,1.1.3,26,2.0.0,2
STORM-3065,2018-05-09,2018-05-13,24,1.1.3,24,1.1.3,24,1.1.3,26,2.0.0,3
STORM-3035,2018-04-19,2018-05-14,24,1.1.3,24,1.1.3,24,1.1.3,,,2
STORM-2988,2018-03-07,2018-05-14,24,1.1.3,24,1.1.3,23,1.2.1,23|26,1.2.1|2.0.0,3
STORM-3072,2018-05-14,2018-05-15,24,1.1.3,24,1.1.3,24,1.1.3,26,2.0.0,3
STORM-3075,2018-05-15,2018-05-17,24,1.1.3,24,1.1.3,24,1.1.3,26,2.0.0,3
STORM-3073,2018-05-15,2018-05-21,24,1.1.3,24,1.1.3,24,1.1.3,26,2.0.0,3
STORM-3070,2018-05-11,2018-05-21,24,1.1.3,24,1.1.3,24,1.1.3,26,2.0.0,2
STORM-3079,2018-05-17,2018-05-22,24,1.1.3,24,1.1.3,24,1.1.3,26,2.0.0,2
STORM-3068,2018-05-10,2018-05-22,24,1.1.3,24,1.1.3,16,1.1.0,16,1.1.0,3
STORM-3042,2018-04-26,2018-05-22,24,1.1.3,24,1.1.3,24,1.1.3,,,2
STORM-3055,2018-05-02,2018-05-31,24,1.1.3,24,1.1.3,18,1.1.1,18|26,1.1.1|2.0.0,2
STORM-3084,2018-05-24,2018-06-01,24,1.1.3,24,1.1.3,24,1.1.3,26,2.0.0,2
STORM-3053,2018-04-30,2018-06-01,24,1.1.3,24,1.1.3,24,1.1.3,26,2.0.0,2
STORM-3087,2018-05-28,2018-06-03,24,1.1.3,24,1.1.3,23,1.2.1,23|26,1.2.1|2.0.0,4
STORM-3048,2018-04-30,2018-06-03,24,1.1.3,24,1.1.3,24,1.1.3,,,2
STORM-3092,2018-06-01,2018-06-05,24,1.1.3,26,2.0.0,22,1.1.2,26,2.0.0,3
STORM-3091,2018-06-01,2018-06-05,24,1.1.3,26,2.0.0,22,1.1.2,26,2.0.0,4
STORM-3098,2018-06-07,2018-06-08,26,2.0.0,26,2.0.0,26,2.0.0,26,2.0.0,5
STORM-3096,2018-06-05,2018-06-08,26,2.0.0,26,2.0.0,26,2.0.0,,,3
STORM-3097,2018-06-06,2018-06-09,26,2.0.0,26,2.0.0,22,1.1.2,22|23|26,1.1.2|1.2.1|2.0.0,2
STORM-3102,2018-06-13,2018-06-16,26,2.0.0,26,2.0.0,20,1.0.6,20|24|25|26,1.0.6|1.1.3|1.2.2|2.0.0,2
STORM-3109,2018-06-15,2018-06-17,26,2.0.0,26,2.0.0,15,1.0.3,15|16|17|18|19|20|21|22|23|24|25|26,1.0.3|1.1.0|1.0.4|1.1.1|1.0.5|1.0.6|1.2.0|1.1.2|1.2.1|1.1.3|1.2.2|2.0.0,2
STORM-3103,2018-06-13,2018-06-17,26,2.0.0,26,2.0.0,26,2.0.0,26,2.0.0,2
STORM-3116,2018-06-19,2018-06-21,26,2.0.0,26,2.0.0,26,2.0.0,26,2.0.0,3
STORM-3118,2018-06-21,2018-06-22,26,2.0.0,26,2.0.0,26,2.0.0,26,2.0.0,3
STORM-3117,2018-06-20,2018-06-25,26,2.0.0,26,2.0.0,26,2.0.0,26,2.0.0,3
STORM-3110,2018-06-15,2018-06-25,26,2.0.0,26,2.0.0,26,2.0.0,,,2
STORM-3122,2018-06-24,2018-06-26,26,2.0.0,26,2.0.0,26,2.0.0,,,0
STORM-3121,2018-06-24,2018-06-26,26,2.0.0,26,2.0.0,26,2.0.0,26,2.0.0,3
STORM-3120,2018-06-24,2018-06-27,26,2.0.0,26,2.0.0,26,2.0.0,26,2.0.0,4
STORM-3129,2018-06-27,2018-06-28,26,2.0.0,26,2.0.0,26,2.0.0,26,2.0.0,4
STORM-3124,2018-06-27,2018-06-28,26,2.0.0,26,2.0.0,26,2.0.0,26,2.0.0,3
STORM-3127,2018-06-27,2018-07-09,26,2.0.0,26,2.0.0,26,2.0.0,26,2.0.0,1
STORM-3126,2018-06-27,2018-07-09,26,2.0.0,26,2.0.0,26,2.0.0,26,2.0.0,1
STORM-3090,2018-05-30,2018-07-09,24,1.1.3,26,2.0.0,16,1.1.0,16|17|25,1.1.0|1.0.4|1.2.2,0
STORM-3082,2018-05-23,2018-07-09,24,1.1.3,26,2.0.0,23,1.2.1,23|24|26,1.2.1|1.1.3|2.0.0,3
STORM-3047,2018-04-28,2018-07-09,24,1.1.3,26,2.0.0,22,1.1.2,22|23,1.1.2|1.2.1,0
STORM-3046,2018-04-27,2018-07-09,24,1.1.3,26,2.0.0,23,1.2.1,23,1.2.1,3
STORM-3028,2018-04-12,2018-07-09,24,1.1.3,26,2.0.0,23,1.2.1,23,1.2.1,5
STORM-3013,2018-03-28,2018-07-09,24,1.1.3,26,2.0.0,23,1.2.1,23|26,1.2.1|2.0.0,3
STORM-3143,2018-07-05,2018-07-10,26,2.0.0,26,2.0.0,26,2.0.0,26,2.0.0,3
STORM-3137,2018-06-29,2018-07-10,26,2.0.0,26,2.0.0,26,2.0.0,26,2.0.0,4
STORM-3136,2018-06-29,2018-07-10,26,2.0.0,26,2.0.0,26,2.0.0,26,2.0.0,3
STORM-3135,2018-06-29,2018-07-10,26,2.0.0,26,2.0.0,26,2.0.0,26,2.0.0,4
STORM-3056,2018-05-03,2018-07-10,24,1.1.3,26,2.0.0,22,1.1.2,22|23,1.1.2|1.2.1,2
STORM-3141,2018-07-02,2018-07-12,26,2.0.0,26,2.0.0,26,2.0.0,26,2.0.0,4
STORM-3148,2018-07-12,2018-07-13,26,2.0.0,26,2.0.0,26,2.0.0,26,2.0.0,6
STORM-3159,2018-07-24,2018-07-24,26,2.0.0,26,2.0.0,26,2.0.0,26,2.0.0,2
STORM-3161,2018-07-27,2018-07-29,26,2.0.0,26,2.0.0,26,2.0.0,26|27,2.0.0|1.2.3,3
STORM-3158,2018-07-20,2018-07-29,26,2.0.0,26,2.0.0,26,2.0.0,26,2.0.0,2
STORM-3164,2018-07-29,2018-07-30,26,2.0.0,26,2.0.0,25,1.2.2,25,1.2.2,3
STORM-3176,2018-08-03,2018-08-03,26,2.0.0,26,2.0.0,22,1.1.2,22,1.1.2,0
STORM-3170,2018-08-01,2018-08-03,26,2.0.0,26,2.0.0,26,2.0.0,26,2.0.0,4
STORM-3169,2018-08-01,2018-08-03,26,2.0.0,26,2.0.0,26,2.0.0,26,2.0.0,3
STORM-3168,2018-08-01,2018-08-03,26,2.0.0,26,2.0.0,26,2.0.0,26,2.0.0,3
STORM-3167,2018-08-01,2018-08-03,26,2.0.0,26,2.0.0,26,2.0.0,26,2.0.0,2
STORM-3166,2018-08-01,2018-08-03,26,2.0.0,26,2.0.0,26,2.0.0,26,2.0.0,2
STORM-3182,2018-08-06,2018-08-10,26,2.0.0,26,2.0.0,26,2.0.0,26,2.0.0,3
STORM-3181,2018-08-06,2018-08-10,26,2.0.0,26,2.0.0,26,2.0.0,26,2.0.0,3
STORM-3180,2018-08-06,2018-08-10,26,2.0.0,26,2.0.0,26,2.0.0,26,2.0.0,3
STORM-3179,2018-08-06,2018-08-10,26,2.0.0,26,2.0.0,26,2.0.0,26,2.0.0,3
STORM-3183,2018-08-06,2018-08-11,26,2.0.0,26,2.0.0,26,2.0.0,26,2.0.0,3
STORM-3184,2018-08-07,2018-08-14,26,2.0.0,26,2.0.0,18,1.1.1,18,1.1.1,6
STORM-3194,2018-08-14,2018-08-16,26,2.0.0,26,2.0.0,26,2.0.0,26,2.0.0,2
STORM-3201,2018-08-22,2018-08-23,26,2.0.0,26,2.0.0,26,2.0.0,,,4
STORM-3200,2018-08-21,2018-08-23,26,2.0.0,26,2.0.0,26,2.0.0,,,2
STORM-3207,2018-08-28,2018-08-30,26,2.0.0,26,2.0.0,26,2.0.0,,,2
STORM-3208,2018-08-29,2018-09-04,26,2.0.0,26,2.0.0,26,2.0.0,26,2.0.0,5
STORM-3203,2018-08-23,2018-09-04,26,2.0.0,26,2.0.0,26,2.0.0,26,2.0.0,5
STORM-3210,2018-09-04,2018-09-06,26,2.0.0,26,2.0.0,26,2.0.0,,,3
STORM-3215,2018-09-06,2018-09-07,26,2.0.0,26,2.0.0,26,2.0.0,26,2.0.0,5
STORM-3213,2018-09-05,2018-09-07,26,2.0.0,26,2.0.0,26,2.0.0,,,4
STORM-3216,2018-09-07,2018-09-10,26,2.0.0,26,2.0.0,26,2.0.0,,,4
STORM-3206,2018-08-28,2018-09-12,26,2.0.0,26,2.0.0,26,2.0.0,,,4
STORM-3221,2018-09-12,2018-09-13,26,2.0.0,26,2.0.0,26,2.0.0,26,2.0.0,4
STORM-3220,2018-09-11,2018-09-13,26,2.0.0,26,2.0.0,26,2.0.0,,,2
STORM-3219,2018-09-11,2018-09-13,26,2.0.0,26,2.0.0,26,2.0.0,26,2.0.0,4
STORM-3218,2018-09-11,2018-09-13,26,2.0.0,26,2.0.0,26,2.0.0,26,2.0.0,4
STORM-3217,2018-09-10,2018-09-13,26,2.0.0,26,2.0.0,26,2.0.0,26,2.0.0,5
STORM-3223,2018-09-13,2018-09-14,26,2.0.0,26,2.0.0,26,2.0.0,26,2.0.0,4
STORM-3225,2018-09-14,2018-09-17,26,2.0.0,26,2.0.0,26,2.0.0,26,2.0.0,4
STORM-3224,2018-09-13,2018-09-17,26,2.0.0,26,2.0.0,26,2.0.0,,,2
STORM-3162,2018-07-27,2018-09-17,26,2.0.0,26,2.0.0,26,2.0.0,26,2.0.0,4
STORM-3228,2018-09-17,2018-09-18,26,2.0.0,26,2.0.0,26,2.0.0,26,2.0.0,5
STORM-3230,2018-09-19,2018-09-20,26,2.0.0,26,2.0.0,26,2.0.0,26,2.0.0,5
STORM-1492,2016-01-22,2018-09-21,9,1.0.0,26,2.0.0,9,1.0.0,9,1.0.0,4
STORM-3236,2018-09-26,2018-09-28,26,2.0.0,26,2.0.0,26,2.0.0,26,2.0.0,4
STORM-3235,2018-09-26,2018-09-28,26,2.0.0,26,2.0.0,26,2.0.0,,,2
STORM-3237,2018-09-27,2018-10-01,26,2.0.0,26,2.0.0,26,2.0.0,26,2.0.0,3
STORM-3241,2018-10-01,2018-10-03,26,2.0.0,26,2.0.0,26,2.0.0,,,2
STORM-3240,2018-10-01,2018-10-03,26,2.0.0,26,2.0.0,26,2.0.0,26,2.0.0,6
STORM-3239,2018-09-30,2018-10-03,26,2.0.0,26,2.0.0,26,2.0.0,26,2.0.0,4
STORM-3238,2018-09-30,2018-10-04,26,2.0.0,26,2.0.0,26,2.0.0,26,2.0.0,3
STORM-3246,2018-10-04,2018-10-05,26,2.0.0,26,2.0.0,26,2.0.0,,,1
STORM-3245,2018-10-04,2018-10-05,26,2.0.0,26,2.0.0,26,2.0.0,26,2.0.0,4
STORM-3244,2018-10-03,2018-10-05,26,2.0.0,26,2.0.0,26,2.0.0,,,4
STORM-3247,2018-10-05,2018-10-08,26,2.0.0,26,2.0.0,26,2.0.0,26,2.0.0,3
STORM-3248,2018-10-08,2018-10-09,26,2.0.0,26,2.0.0,26,2.0.0,,,2
STORM-3249,2018-10-08,2018-10-11,26,2.0.0,26,2.0.0,26,2.0.0,26,2.0.0,4
STORM-3252,2018-10-11,2018-10-12,26,2.0.0,26,2.0.0,25,1.2.2,25,1.2.2,4
STORM-3251,2018-10-11,2018-10-12,26,2.0.0,26,2.0.0,26,2.0.0,,,3
STORM-3255,2018-10-12,2018-10-15,26,2.0.0,26,2.0.0,26,2.0.0,,,2
STORM-3254,2018-10-12,2018-10-15,26,2.0.0,26,2.0.0,26,2.0.0,,,2
STORM-3262,2018-10-18,2018-10-22,26,2.0.0,26,2.0.0,26,2.0.0,,,4
STORM-3269,2018-10-22,2018-10-23,26,2.0.0,26,2.0.0,26,2.0.0,26,2.0.0,4
STORM-3273,2018-10-23,2018-10-24,26,2.0.0,26,2.0.0,26,2.0.0,26,2.0.0,4
STORM-3277,2018-10-26,2018-10-27,26,2.0.0,26,2.0.0,25,1.2.2,25,1.2.2,0
STORM-3278,2018-10-26,2018-11-01,26,2.0.0,26,2.0.0,26,2.0.0,,,2
STORM-3275,2018-10-24,2018-11-02,26,2.0.0,26,2.0.0,26,2.0.0,,,2
STORM-3265,2018-10-19,2018-11-02,26,2.0.0,26,2.0.0,26,2.0.0,,,3
STORM-3264,2018-10-19,2018-11-06,26,2.0.0,26,2.0.0,26,2.0.0,,,2
STORM-3284,2018-11-08,2018-11-13,26,2.0.0,26,2.0.0,26,2.0.0,,,2
STORM-3123,2018-06-26,2018-11-16,26,2.0.0,26,2.0.0,25,1.2.2,25,1.2.2,5
STORM-3288,2018-11-16,2018-11-24,26,2.0.0,26,2.0.0,26,2.0.0,26,2.0.0,2
STORM-3272,2018-10-22,2018-12-05,26,2.0.0,26,2.0.0,26,2.0.0,,,5
STORM-3301,2018-12-08,2018-12-11,26,2.0.0,26,2.0.0,25,1.2.2,25|26,1.2.2|2.0.0,2
STORM-3297,2018-12-05,2018-12-11,26,2.0.0,26,2.0.0,26,2.0.0,26,2.0.0,1
STORM-3279,2018-11-04,2018-12-14,26,2.0.0,26,2.0.0,26,2.0.0,26,2.0.0,1
STORM-3303,2018-12-11,2018-12-18,26,2.0.0,26,2.0.0,26,2.0.0,,,3
STORM-3302,2018-12-10,2018-12-18,26,2.0.0,26,2.0.0,26,2.0.0,,,4
STORM-3300,2018-12-08,2018-12-18,26,2.0.0,26,2.0.0,26,2.0.0,26,2.0.0,2
STORM-3295,2018-12-04,2018-12-18,26,2.0.0,26,2.0.0,26,2.0.0,26,2.0.0,4
STORM-3276,2018-10-26,2018-12-21,26,2.0.0,26,2.0.0,26,2.0.0,26,2.0.0,4
STORM-3307,2019-01-03,2019-01-04,26,2.0.0,26,2.0.0,26,2.0.0,26,2.0.0,3
STORM-3317,2019-01-17,2019-01-29,26,2.0.0,26,2.0.0,26,2.0.0,26,2.0.0,1
STORM-3310,2019-01-06,2019-01-30,26,2.0.0,26,2.0.0,26,2.0.0,26,2.0.0,2
STORM-3309,2019-01-04,2019-01-30,26,2.0.0,26,2.0.0,26,2.0.0,26,2.0.0,2
STORM-3333,2019-02-05,2019-02-08,26,2.0.0,26,2.0.0,26,2.0.0,26,2.0.0,2
STORM-3327,2019-01-31,2019-02-16,26,2.0.0,26,2.0.0,26,2.0.0,26,2.0.0,2
STORM-3343,2019-02-21,2019-02-26,26,2.0.0,26,2.0.0,26,2.0.0,26,2.0.0,3
STORM-3320,2019-01-21,2019-02-26,26,2.0.0,26,2.0.0,26,2.0.0,26,2.0.0,3
STORM-3348,2019-02-28,2019-03-05,26,2.0.0,26,2.0.0,25,1.2.2,25|26,1.2.2|2.0.0,2
STORM-3321,2019-01-21,2019-03-07,26,2.0.0,26,2.0.0,26,2.0.0,26,2.0.0,2
STORM-3319,2019-01-21,2019-03-15,26,2.0.0,26,2.0.0,26,2.0.0,26,2.0.0,3
STORM-3356,2019-03-12,2019-03-16,26,2.0.0,26,2.0.0,26,2.0.0,26,2.0.0,3
STORM-3352,2019-03-07,2019-03-16,26,2.0.0,26,2.0.0,26,2.0.0,26,2.0.0,3
STORM-3282,2018-11-06,2019-03-16,26,2.0.0,26,2.0.0,26,2.0.0,,,0
STORM-3362,2019-03-25,2019-03-29,26,2.0.0,26,2.0.0,26,2.0.0,,,2
STORM-3354,2019-03-07,2019-03-29,26,2.0.0,26,2.0.0,26,2.0.0,26,2.0.0,3
STORM-3375,2019-04-12,2019-04-16,26,2.0.0,26,2.0.0,26,2.0.0,,,2
STORM-3381,2019-04-17,2019-04-18,26,2.0.0,26,2.0.0,26,2.0.0,26|27,2.0.0|1.2.3,2
STORM-3377,2019-04-12,2019-04-19,26,2.0.0,26,2.0.0,26,2.0.0,26,2.0.0,2
STORM-3384,2019-04-25,2019-04-26,26,2.0.0,26,2.0.0,20,1.0.6,20|24|25,1.0.6|1.1.3|1.2.2,0
STORM-3379,2019-04-13,2019-05-05,26,2.0.0,26,2.0.0,26,2.0.0,26,2.0.0,2
STORM-3376,2019-04-12,2019-05-05,26,2.0.0,26,2.0.0,26,2.0.0,26,2.0.0,2
STORM-3371,2019-04-04,2019-05-05,26,2.0.0,26,2.0.0,26,2.0.0,26,2.0.0,3
STORM-3390,2019-05-05,2019-05-08,26,2.0.0,26,2.0.0,26,2.0.0,26,2.0.0,2
STORM-3385,2019-05-01,2019-05-17,26,2.0.0,26,2.0.0,26,2.0.0,,,3
STORM-3398,2019-05-31,2019-06-01,27,1.2.3,27,1.2.3,16,1.1.0,16|25,1.1.0|1.2.2,0
STORM-3095,2018-06-05,2019-06-01,26,2.0.0,27,1.2.3,25,1.2.2,,,0
STORM-2949,2018-02-14,2019-06-01,20,1.0.6,27,1.2.3,18,1.1.1,18|19,1.1.1|1.0.5,0
STORM-3408,2019-06-10,2019-06-25,27,1.2.3,27,1.2.3,26,2.0.0,26,2.0.0,2
STORM-3422,2019-06-24,2019-07-08,27,1.2.3,27,1.2.3,25,1.2.2,25|26,1.2.2|2.0.0,2
STORM-2956,2018-02-16,2019-07-18,24,1.1.3,27,1.2.3,22,1.1.2,,,0
STORM-3469,2019-07-19,2019-07-19,27,1.2.3,27,1.2.3,27,1.2.3,,,0
STORM-3467,2019-07-18,2019-07-19,27,1.2.3,27,1.2.3,27,1.2.3,,,0
STORM-3372,2019-04-04,2019-07-29,26,2.0.0,28,2.1.0,26,2.0.0,26,2.0.0,3
STORM-3481,2019-08-06,2019-08-10,28,2.1.0,28,2.1.0,26,2.0.0,26,2.0.0,3
STORM-3470,2019-07-19,2019-08-10,27,1.2.3,28,2.1.0,26,2.0.0,26,2.0.0,2
STORM-3466,2019-07-10,2019-08-10,27,1.2.3,28,2.1.0,26,2.0.0,26,2.0.0,2
STORM-3436,2019-06-29,2019-08-10,27,1.2.3,28,2.1.0,26,2.0.0,26,2.0.0,3
STORM-3485,2019-08-15,2019-08-16,28,2.1.0,28,2.1.0,28,2.1.0,28,2.1.0,3
STORM-3491,2019-08-19,2019-08-20,28,2.1.0,28,2.1.0,28,2.1.0,28,2.1.0,3
STORM-3498,2019-08-24,2019-08-24,28,2.1.0,28,2.1.0,28,2.1.0,,,2
STORM-3500,2019-08-27,2019-08-30,28,2.1.0,28,2.1.0,28,2.1.0,28,2.1.0,3
STORM-3501,2019-08-28,2019-08-31,28,2.1.0,28,2.1.0,26,2.0.0,26|28,2.0.0|2.1.0,2
STORM-1515,2016-02-02,2019-09-04,9,1.0.0,28,2.1.0,5,0.9.4,5|7,0.9.4|0.10.0,3
STORM-3488,2019-08-16,2019-09-05,28,2.1.0,28,2.1.0,28,2.1.0,,,3
STORM-3504,2019-08-31,2019-09-12,28,2.1.0,28,2.1.0,26,2.0.0,26,2.0.0,2
STORM-3510,2019-09-19,2019-10-01,28,2.1.0,28,2.1.0,28,2.1.0,29,2.2.0,2
STORM-3516,2019-10-02,2019-10-09,28,2.1.0,28,2.1.0,28,2.1.0,,,1
STORM-3520,2019-10-10,2019-10-11,28,2.1.0,28,2.1.0,26,2.0.0,26,2.0.0,3
STORM-3515,2019-10-01,2019-10-11,28,2.1.0,28,2.1.0,26,2.0.0,26,2.0.0,7
STORM-3519,2019-10-07,2019-10-15,28,2.1.0,28,2.1.0,26,2.0.0,26,2.0.0,1
STORM-3524,2019-10-15,2019-10-17,28,2.1.0,28,2.1.0,26,2.0.0,26,2.0.0,2
STORM-3521,2019-10-10,2019-10-23,28,2.1.0,28,2.1.0,26,2.0.0,26,2.0.0,3
STORM-3527,2019-10-22,2019-10-25,28,2.1.0,28,2.1.0,28,2.1.0,,,3
STORM-3523,2019-10-14,2019-10-31,28,2.1.0,28,2.1.0,26,2.0.0,26,2.0.0,3
STORM-3551,2019-12-06,2019-12-17,29,2.2.0,29,2.2.0,28,2.1.0,28,2.1.0,2
STORM-3563,2020-01-03,2020-01-03,29,2.2.0,29,2.2.0,28,2.1.0,28|29,2.1.0|2.2.0,3
STORM-3559,2019-12-27,2020-01-03,29,2.2.0,29,2.2.0,29,2.2.0,,,0
STORM-3552,2019-12-09,2020-01-03,29,2.2.0,29,2.2.0,26,2.0.0,26|28,2.0.0|2.1.0,3
STORM-3511,2019-09-25,2020-01-03,28,2.1.0,29,2.2.0,26,2.0.0,26|28,2.0.0|2.1.0,3
STORM-3549,2019-12-02,2020-01-08,29,2.2.0,29,2.2.0,28,2.1.0,28,2.1.0,3
STORM-3568,2020-01-17,2020-01-23,29,2.2.0,29,2.2.0,29,2.2.0,,,3
STORM-3567,2020-01-16,2020-01-24,29,2.2.0,29,2.2.0,28,2.1.0,28,2.1.0,3
STORM-3512,2019-09-25,2020-01-24,28,2.1.0,29,2.2.0,26,2.0.0,26,2.0.0,2
STORM-3572,2020-01-31,2020-02-03,29,2.2.0,29,2.2.0,29,2.2.0,,,2
STORM-3580,2020-02-10,2020-02-12,29,2.2.0,29,2.2.0,26,2.0.0,26|28,2.0.0|2.1.0,1
STORM-3577,2020-02-07,2020-02-12,29,2.2.0,29,2.2.0,26,2.0.0,26|28,2.0.0|2.1.0,1
STORM-3598,2020-03-11,2020-03-13,29,2.2.0,29,2.2.0,26,2.0.0,26|28,2.0.0|2.1.0,3
STORM-3400,2019-06-01,2020-03-14,27,1.2.3,29,2.2.0,26,2.0.0,,,0
STORM-3603,2020-03-15,2020-03-16,29,2.2.0,29,2.2.0,29,2.2.0,,,0
STORM-3602,2020-03-12,2020-03-19,29,2.2.0,29,2.2.0,26,2.0.0,26|28,2.0.0|2.1.0,1
STORM-2483,2017-04-18,2020-03-19,17,1.0.4,29,2.2.0,15,1.0.3,15|26|27|28,1.0.3|2.0.0|1.2.3|2.1.0,4
STORM-3609,2020-03-26,2020-03-30,29,2.2.0,29,2.2.0,26,2.0.0,26|28,2.0.0|2.1.0,3
STORM-3613,2020-03-30,2020-04-01,29,2.2.0,29,2.2.0,26,2.0.0,26|28,2.0.0|2.1.0,3
STORM-3606,2020-03-25,2020-04-08,29,2.2.0,29,2.2.0,26,2.0.0,26|27|28,2.0.0|1.2.3|2.1.0,2
STORM-3622,2020-04-15,2020-04-16,29,2.2.0,29,2.2.0,29,2.2.0,29,2.2.0,3
STORM-3626,2020-04-17,2020-04-21,29,2.2.0,29,2.2.0,26,2.0.0,26|28,2.0.0|2.1.0,3
STORM-3583,2020-02-18,2020-04-23,29,2.2.0,29,2.2.0,29,2.2.0,,,1
STORM-3540,2019-11-15,2020-04-27,29,2.2.0,29,2.2.0,28,2.1.0,28,2.1.0,2
STORM-3623,2020-04-15,2020-04-28,29,2.2.0,29,2.2.0,26,2.0.0,26|28,2.0.0|2.1.0,2
STORM-3629,2020-04-29,2020-05-01,29,2.2.0,29,2.2.0,26,2.0.0,26|28,2.0.0|2.1.0,3
STORM-3631,2020-05-01,2020-05-04,29,2.2.0,29,2.2.0,26,2.0.0,26|28,2.0.0|2.1.0,3
STORM-3620,2020-04-09,2020-06-05,29,2.2.0,29,2.2.0,26,2.0.0,26|28,2.0.0|2.1.0,1
STORM-3649,2020-06-08,2020-06-09,29,2.2.0,29,2.2.0,26,2.0.0,26|28|29,2.0.0|2.1.0|2.2.0,3
STORM-3624,2020-04-15,2020-06-15,29,2.2.0,29,2.2.0,26,2.0.0,26|28|29,2.0.0|2.1.0|2.2.0,1
STORM-3655,2020-06-23,2020-07-01,29,2.2.0,30,2.3.0,26,2.0.0,26|28|29,2.0.0|2.1.0|2.2.0,3
STORM-3658,2020-06-24,2020-07-02,29,2.2.0,30,2.3.0,26,2.0.0,26|28|29,2.0.0|2.1.0|2.2.0,1
STORM-3663,2020-06-26,2020-07-07,29,2.2.0,30,2.3.0,29,2.2.0,29,2.2.0,3
STORM-3553,2019-12-10,2020-07-10,29,2.2.0,30,2.3.0,26,2.0.0,26|27|28|29,2.0.0|1.2.3|2.1.0|2.2.0,1
STORM-3677,2020-07-17,2020-07-21,30,2.3.0,30,2.3.0,26,2.0.0,26|28|29,2.0.0|2.1.0|2.2.0,1
STORM-3679,2020-07-21,2020-07-28,30,2.3.0,30,2.3.0,26,2.0.0,26|28|29,2.0.0|2.1.0|2.2.0,1
STORM-3684,2020-08-04,2020-08-07,30,2.3.0,30,2.3.0,26,2.0.0,26|28|29,2.0.0|2.1.0|2.2.0,1
STORM-3652,2020-06-12,2020-08-20,29,2.2.0,30,2.3.0,26,2.0.0,26|28|29,2.0.0|2.1.0|2.2.0,1
STORM-3690,2020-08-25,2020-08-26,30,2.3.0,30,2.3.0,30,2.3.0,30,2.3.0,1
STORM-3695,2020-09-03,2020-09-08,30,2.3.0,30,2.3.0,30,2.3.0,,,1
STORM-3696,2020-09-08,2020-09-09,30,2.3.0,30,2.3.0,30,2.3.0,,,2
STORM-3666,2020-07-02,2020-09-17,30,2.3.0,30,2.3.0,26,2.0.0,26|28|29,2.0.0|2.1.0|2.2.0,1
STORM-3699,2020-09-15,2020-09-18,30,2.3.0,30,2.3.0,26,2.0.0,26|28|29,2.0.0|2.1.0|2.2.0,1
STORM-3701,2020-09-16,2020-09-21,30,2.3.0,30,2.3.0,26,2.0.0,26|28|29,2.0.0|2.1.0|2.2.0,1
STORM-3712,2020-10-31,2020-11-02,30,2.3.0,30,2.3.0,30,2.3.0,,,1
STORM-3720,2020-12-04,2020-12-10,30,2.3.0,30,2.3.0,30,2.3.0,,,1
STORM-3723,2020-12-14,2020-12-17,30,2.3.0,30,2.3.0,30,2.3.0,,,1
STORM-3725,2020-12-17,2020-12-22,30,2.3.0,30,2.3.0,26,2.0.0,26|28|29,2.0.0|2.1.0|2.2.0,1
STORM-3728,2020-12-22,2020-12-23,30,2.3.0,30,2.3.0,26,2.0.0,26|28|29,2.0.0|2.1.0|2.2.0,1
STORM-3731,2020-12-24,2021-01-05,30,2.3.0,30,2.3.0,30,2.3.0,,,1
STORM-3729,2020-12-23,2021-01-05,30,2.3.0,30,2.3.0,26,2.0.0,26|28|29,2.0.0|2.1.0|2.2.0,1
STORM-3727,2020-12-21,2021-01-05,30,2.3.0,30,2.3.0,29,2.2.0,29,2.2.0,1
STORM-3733,2021-01-05,2021-01-12,30,2.3.0,30,2.3.0,30,2.3.0,,,4
STORM-3735,2021-01-13,2021-01-19,30,2.3.0,30,2.3.0,26,2.0.0,26|28|29,2.0.0|2.1.0|2.2.0,1
STORM-3740,2021-01-29,2021-02-05,30,2.3.0,30,2.3.0,30,2.3.0,,,1
STORM-3741,2021-02-04,2021-02-17,30,2.3.0,30,2.3.0,30,2.3.0,,,2
STORM-3748,2021-03-02,2021-03-05,30,2.3.0,30,2.3.0,30,2.3.0,,,1
STORM-3704,2020-10-01,2021-03-17,30,2.3.0,30,2.3.0,29,2.2.0,29,2.2.0,1
STORM-3763,2021-03-31,2021-04-01,30,2.3.0,30,2.3.0,26,2.0.0,26|28|29,2.0.0|2.1.0|2.2.0,1
STORM-3769,2021-04-29,2021-05-03,30,2.3.0,30,2.3.0,30,2.3.0,,,1
STORM-3765,2021-04-22,2021-05-03,30,2.3.0,30,2.3.0,26,2.0.0,26|28|29,2.0.0|2.1.0|2.2.0,1
STORM-3775,2021-06-03,2021-06-21,30,2.3.0,30,2.3.0,30,2.3.0,,,2
STORM-3785,2021-07-26,2021-09-22,30,2.3.0,30,2.3.0,29,2.2.0,29,2.2.0,2
STORM-3767,2021-04-27,2021-09-23,30,2.3.0,30,2.3.0,26,2.0.0,26|28|29,2.0.0|2.1.0|2.2.0,2
STORM-3050,2018-04-30,2021-10-23,24,1.1.3,34,2.4.0,19,1.0.5,,,0
STORM-3819,2022-01-20,2022-02-24,34,2.4.0,34,2.4.0,34,2.4.0,,,1
STORM-3838,2022-03-29,2022-04-08,35,2.5.0,35,2.5.0,35,2.5.0,,,2
STORM-3822,2022-02-08,2022-04-08,34,2.4.0,35,2.5.0,33,2.1.1,,,2
STORM-3816,2022-01-10,2022-04-21,34,2.4.0,35,2.5.0,30,2.3.0,30,2.3.0,0
STORM-3862,2022-05-05,2022-05-16,35,2.5.0,35,2.5.0,34,2.4.0,34,2.4.0,1
STORM-3875,2022-07-12,2022-07-18,35,2.5.0,35,2.5.0,35,2.5.0,,,1
STORM-3917,2023-05-08,2023-05-12,35,2.5.0,35,2.5.0,34,2.4.0,34,2.4.0,1
STORM-3876,2022-07-18,2023-06-01,35,2.5.0,35,2.5.0,35,2.5.0,,,0
STORM-3923,2023-06-16,2023-06-19,35,2.5.0,35,2.5.0,34,2.4.0,34,2.4.0,1
STORM-3940,2023-08-01,2023-08-02,35,2.5.0,35,2.5.0,34,2.4.0,34,2.4.0,0
STORM-3944,2023-08-08,2023-08-08,36,2.6.0,36,2.6.0,35,2.5.0,35,2.5.0,2
STORM-3954,2023-08-15,2023-08-24,36,2.6.0,36,2.6.0,36,2.6.0,36,2.6.0,1
STORM-3956,2023-08-17,2023-08-25,36,2.6.0,36,2.6.0,30,2.3.0,30,2.3.0,0
STORM-3924,2023-06-19,2023-08-25,35,2.5.0,36,2.6.0,34,2.4.0,,,0
STORM-3823,2022-02-18,2023-08-28,34,2.4.0,36,2.6.0,30,2.3.0,30,2.3.0,2
STORM-3984,2023-09-25,2023-09-26,36,2.6.0,36,2.6.0,35,2.5.0,35,2.5.0,3
STORM-3404,2019-06-04,2023-10-23,27,1.2.3,36,2.6.0,25,1.2.2,25,1.2.2,2
STORM-3994,2023-11-02,2023-11-09,36,2.6.0,36,2.6.0,35,2.5.0,35,2.5.0,3
STORM-3468,2019-07-18,2023-11-23,27,1.2.3,37,2.6.1,22,1.1.2,,,3
STORM-3132,2018-06-29,2023-12-04,26,2.0.0,37,2.6.1,20,1.0.6,,,1
STORM-4018,2024-01-09,2024-01-16,37,2.6.1,37,2.6.1,36,2.6.0,36,2.6.0,3
STORM-4017,2024-01-05,2024-01-16,37,2.6.1,37,2.6.1,30,2.3.0,30|34|35|36,2.3.0|2.4.0|2.5.0|2.6.0,2
STORM-4025,2024-01-25,2024-01-25,37,2.6.1,37,2.6.1,36,2.6.0,36,2.6.0,1
STORM-4024,2024-01-24,2024-01-25,37,2.6.1,37,2.6.1,26,2.0.0,26,2.0.0,1
STORM-4023,2024-01-23,2024-01-25,37,2.6.1,37,2.6.1,36,2.6.0,36,2.6.0,1
STORM-3713,2020-11-09,2024-01-26,30,2.3.0,37,2.6.1,26,2.0.0,,,5
STORM-4051,2024-04-05,2024-04-05,38,2.6.2,38,2.6.2,38,2.6.2,,,1
STORM-4052,2024-04-05,2024-04-07,38,2.6.2,39,2.6.3,37,2.6.1,37|38,2.6.1|2.6.2,0
STORM-4037,2024-02-28,2024-05-23,38,2.6.2,39,2.6.3,37,2.6.1,,,0
STORM-4060,2024-06-20,2024-06-25,39,2.6.3,39,2.6.3,24,1.1.3,24|31|38,1.1.3|1.2.4|2.6.2,4
STORM-4057,2024-06-07,2024-07-02,39,2.6.3,39,2.6.3,37,2.6.1,37,2.6.1,1
STORM-4069,2024-08-09,2024-08-31,39,2.6.3,40,2.7.0,36,2.6.0,36|37|38,2.6.0|2.6.1|2.6.2,1
STORM-4106,2024-11-09,2024-11-11,41,2.7.1,41,2.7.1,35,2.5.0,35,2.5.0,1
STORM-4104,2024-11-07,2024-11-11,41,2.7.1,41,2.7.1,26,2.0.0,26,2.0.0,1
STORM-4085,2024-10-08,2024-11-18,41,2.7.1,41,2.7.1,41,2.7.1,,,1
STORM-4077,2024-08-22,2024-11-18,40,2.7.0,41,2.7.1,37,2.6.1,37,2.6.1,0
STORM-4055,2024-04-30,2024-11-18,39,2.6.3,41,2.7.1,37,2.6.1,37,2.6.1,1
