PROJ,WF_ITER,MODEL,FEATURE_SELECTION,BALANCING,COST_SENSITIVE,THRESHOLD_STRATEGY,THRESHOLD,PRECISION,RECALL,F1,SPECIFICITY,BALANCED_ACCURACY,G_MEAN,MCC,KAPPA,AUC,TP,FP,TN,FN
STORM,1,RandomForest,none,none,none,DEFAULT,0.5,0.1368421052631579,0.03513513513513514,0.055913978494623665,0.9952740476053253,0.5152045913702302,0.18700023571938626,0.05954278990335394,0.04779041281082961,0.7825955977301721,13,82,17269,357
STORM,1,NaiveBayes,none,none,none,DEFAULT,0.5,0.10731244064577398,0.6108108108108108,0.18255250403877224,0.8916488963172151,0.751229853564013,0.7379896918779304,0.2220057281046997,0.15244899920971197,0.8334032464831842,226,1880,15471,144
STORM,1,IBk,none,none,none,DEFAULT,0.5,0.07575757575757576,0.0945945945945946,0.08413461538461538,0.9753904674082186,0.5349925310014065,0.30375428529637666,0.06279711130762261,0.06239345223910844,0.7399095308783511,35,427,16924,335
STORM,1,RandomForest,BestFirst (backward),none,none,DEFAULT,0.5,0.08223684210526316,0.06756756756756757,0.0741839762611276,0.9839202351449484,0.525743901356258,0.257839285155023,0.056694901816366425,0.05641183876363172,0.8243322684104195,25,279,17072,345
STORM,1,NaiveBayes,BestFirst (backward),none,none,DEFAULT,0.5,0.1615566037735849,0.37027027027027026,0.22495894909688013,0.9590225347242234,0.6646464024972468,0.5959006067521813,0.22057245607160475,0.20175134794870375,0.8212701347535075,137,711,16640,233
STORM,1,IBk,BestFirst (backward),none,none,DEFAULT,0.5,0.06976744186046512,0.04054054054054054,0.05128205128205128,0.9884732868422569,0.5145069136913987,0.20018301965568877,0.03789269094988672,0.03649505250211081,0.7632687266253055,15,200,17151,355
STORM,1,RandomForest,none,SMOTE,none,DEFAULT,0.5,0.055248618784530384,0.10810810810810811,0.07312614259597806,0.9605786410005187,0.5343433745543134,0.3222519814797477,0.04961130586574798,0.04678369025666305,0.7657758646203117,40,684,16667,330
STORM,1,NaiveBayes,none,SMOTE,none,DEFAULT,0.5,0.04828226555246054,0.8432432432432433,0.09133489461358316,0.6455535703994006,0.744398406821322,0.7378066727746815,0.14519715160138982,0.05396966524282253,0.8247334447582272,312,6150,11201,58
STORM,1,IBk,none,SMOTE,none,DEFAULT,0.5,0.0629190304280557,0.32972972972972975,0.10567345171069728,0.8952798109619042,0.612504770345817,0.5433234488782462,0.10306094634634749,0.07317248423996096,0.7593749561907017,122,1817,15534,248
STORM,1,RandomForest,BestFirst (backward),SMOTE,none,DEFAULT,0.5,0.0958498023715415,0.26216216216216215,0.14037626628075253,0.9472652873033255,0.6047137247327439,0.49833434144217026,0.1290420443711381,0.113261135270825,0.8168482383599668,97,915,16436,273
STORM,1,NaiveBayes,BestFirst (backward),SMOTE,none,DEFAULT,0.5,0.08021059151440074,0.7,0.143928869130314,0.8288283096075154,0.7644141548037577,0.7616953569014719,0.19587527887293416,0.11060747467694236,0.8149295858015817,259,2970,14381,111
STORM,1,IBk,BestFirst (backward),SMOTE,none,DEFAULT,0.5,0.0730277185501066,0.37027027027027026,0.12199465716829919,0.899775229093424,0.6350227496818471,0.5772001535506696,0.12549820720332422,0.09026378118771142,0.7857800858895897,137,1739,15612,233
STORM,1,RandomForest,none,none,CostSensitive,DEFAULT,0.5,0.05555555555555555,0.0891891891891892,0.06846473029045642,0.9676675695925306,0.52842837939086,0.2937779534557199,0.045165970228311626,0.043862571081873455,0.7416196901183357,33,561,16790,337
STORM,1,NaiveBayes,none,none,CostSensitive,DEFAULT,0.5,0.08276923076923078,0.727027027027027,0.14861878453038674,0.8281943403838395,0.7776106837054333,0.7759637034616198,0.20513432470243262,0.11545705224486141,0.8333906294052683,269,2981,14370,101
STORM,1,IBk,none,none,CostSensitive,DEFAULT,0.5,0.0634231103388358,0.1972972972972973,0.09598948060486522,0.9378710160797649,0.5675841566885311,0.4301620818784562,0.07842221338177917,0.06649040619685208,0.7392313239987726,73,1078,16273,297
STORM,2,RandomForest,none,none,none,DEFAULT,0.5,0.7549019607843137,0.21329639889196675,0.3326133909287257,0.9985627227779694,0.6059295608349681,0.46150821535081926,0.39563176614014317,0.3265805572436518,0.9593362821006511,77,25,17369,284
STORM,2,NaiveBayes,none,none,none,DEFAULT,0.5,0.1281645569620253,0.4487534626038781,0.19938461538461538,0.9366448200528918,0.692699141328385,0.6483229181732831,0.21152712959812342,0.17323332068804828,0.8630873606557743,162,1102,16292,199
STORM,2,IBk,none,none,none,DEFAULT,0.5,0.273015873015873,0.23822714681440443,0.2544378698224852,0.9868345406461998,0.6125308437303021,0.48486160602387113,0.24061704414843713,0.24003753731438474,0.6901679408666725,86,229,17165,275
STORM,2,RandomForest,BestFirst (backward),none,none,DEFAULT,0.5,0.8811188811188811,0.6980609418282548,0.7789799072642968,0.9980453029780384,0.8480531224031467,0.8346834395051309,0.7803902318708579,0.7749342633223875,0.9779688891989055,252,34,17360,109
STORM,2,NaiveBayes,BestFirst (backward),none,none,DEFAULT,0.5,0.13984835720303285,0.4598337950138504,0.21447028423772607,0.9413015982522709,0.7005676966330606,0.6579075057916154,0.22666471264605428,0.18918799149427912,0.8335120971761842,166,1021,16373,195
STORM,2,IBk,BestFirst (backward),none,none,DEFAULT,0.5,0.8862068965517241,0.7119113573407202,0.7895545314900153,0.9981027940669196,0.85500707570382,0.8429476347257557,0.7905640195571331,0.7856720231735939,0.9699378936984989,257,33,17361,104
STORM,2,RandomForest,none,SMOTE,none,DEFAULT,0.5,0.24504950495049505,0.2742382271468144,0.2588235294117647,0.9824652178912269,0.6283517225190206,0.5190660069662613,0.24295849765969846,0.24255732518078063,0.8272903191695038,99,305,17089,262
STORM,2,NaiveBayes,none,SMOTE,none,DEFAULT,0.5,0.11225658648339061,0.5429362880886427,0.18604651162790697,0.9108888122341037,0.7269125501613731,0.7032457540404043,0.21509862002299518,0.15766191940269297,0.8589917974071359,196,1550,15844,165
STORM,2,IBk,none,SMOTE,none,DEFAULT,0.5,0.015580926796507723,0.32132963988919666,0.029720727645400968,0.5786478095895137,0.44998872473935514,0.4312037711779326,-0.028608136859973606,-0.009428972654605529,0.548194095012226,116,7329,10065,245
STORM,2,RandomForest,BestFirst (backward),SMOTE,none,DEFAULT,0.5,0.33650416171224734,0.7839335180055401,0.4708818635607321,0.9679199724042773,0.8759267452049087,0.8710826075147583,0.4995343909502345,0.45538669532641246,0.9619428898493033,283,558,16836,78
STORM,2,NaiveBayes,BestFirst (backward),SMOTE,none,DEFAULT,0.5,0.09541697971450037,0.703601108033241,0.16804498842209728,0.8615614579740141,0.7825812830036276,0.7785856384940907,0.22342661740711256,0.13714751413203316,0.830331534069283,254,2408,14986,107
STORM,2,IBk,BestFirst (backward),SMOTE,none,DEFAULT,0.5,0.3349455864570738,0.7673130193905817,0.46632996632996637,0.9683799011153271,0.8678464602529544,0.8620037736819687,0.4927133513370479,0.4507828561943727,0.9596657012622877,277,550,16844,84
STORM,2,RandomForest,none,none,CostSensitive,DEFAULT,0.5,0.3238993710691824,0.2853185595567867,0.30338733431516934,0.9876394158905369,0.6364789877236618,0.5308407063360855,0.2904689256121835,0.2898629965088095,0.9244736698775678,103,215,17179,258
STORM,2,NaiveBayes,none,none,CostSensitive,DEFAULT,0.5,0.12465753424657534,0.5041551246537396,0.19989017023613398,0.9265263884097965,0.715340756531768,0.6834566751767958,0.22126155165436276,0.17292492566996948,0.8629926835024782,182,1278,16116,179
STORM,2,IBk,none,none,CostSensitive,DEFAULT,0.5,0.024522569444444444,0.31301939058171746,0.04548198832763132,0.7415775554789008,0.5272984730303092,0.48179679791908675,0.017577298085689076,0.008076245342051275,0.690165392785171,113,4495,12899,248
STORM,3,RandomForest,none,none,none,DEFAULT,0.5,0.9523809523809523,0.8287292817679558,0.8862629246676513,0.9991375840855516,0.9139334329267537,0.9099530605732308,0.8862852415912972,0.8840632373861259,0.9915205297870198,300,15,17378,62
STORM,3,NaiveBayes,none,none,none,DEFAULT,0.5,0.12889983579638753,0.43370165745856354,0.1987341772151899,0.938998447651354,0.6863500525549587,0.638157647527169,0.2083766451467089,0.1727292427371637,0.8561856344697,157,1061,16332,205
STORM,3,IBk,none,none,none,DEFAULT,0.5,0.9581993569131833,0.8232044198895028,0.8855869242199108,0.9992525728741448,0.9112284963818238,0.9069669975120117,0.8860362649703485,0.8833895672201292,0.9949408903626371,298,13,17380,64
STORM,3,RandomForest,BestFirst (backward),none,none,DEFAULT,0.5,0.8910891089108911,0.7458563535911602,0.81203007518797,0.9981026849882136,0.8719795192896869,0.8628100770939428,0.811795504248071,0.8084715322786573,0.9835681179924737,270,33,17360,92
STORM,3,NaiveBayes,BestFirst (backward),none,none,DEFAULT,0.5,0.1411214953271028,0.4171270718232044,0.21089385474860334,0.947162651641465,0.6821448617323347,0.6285596100764875,0.21633832331092037,0.1860949563659616,0.8297439307678551,151,919,16474,211
STORM,3,IBk,BestFirst (backward),none,none,DEFAULT,0.5,0.9103448275862069,0.7292817679558011,0.8098159509202455,0.9985051457482895,0.8638934568520453,0.853341431083876,0.8114513406299694,0.8063028426136912,0.9862629691947576,264,26,17367,98
STORM,3,RandomForest,none,SMOTE,none,DEFAULT,0.5,0.548885077186964,0.8839779005524862,0.6772486772486772,0.9848789743000057,0.9344284374262459,0.9330655110976962,0.6890409901608386,0.6689197727883965,0.9890046735636645,320,263,17130,42
STORM,3,NaiveBayes,none,SMOTE,none,DEFAULT,0.5,0.11888544891640866,0.5303867403314917,0.19423368740515934,0.9181854769160007,0.7242861086237462,0.6978491256146946,0.22046308323886066,0.16646815909584875,0.8576344296762557,192,1423,15970,170
STORM,3,IBk,none,SMOTE,none,DEFAULT,0.5,0.5493934142114385,0.8756906077348067,0.6751863684771033,0.9850514574828955,0.930371032608851,0.9287627842744636,0.6860256528997263,0.6668383556566954,0.9930592195437741,317,260,17133,45
STORM,3,RandomForest,BestFirst (backward),SMOTE,none,DEFAULT,0.5,0.30850047755491883,0.8922651933701657,0.45848119233498946,0.9583740585292934,0.9253196259497296,0.9247290493190914,0.510330328126934,0.44156003477011,0.9835565238190381,323,724,16669,39
STORM,3,NaiveBayes,BestFirst (backward),SMOTE,none,DEFAULT,0.5,0.10466138962181179,0.6574585635359116,0.18057663125948406,0.8829414132122118,0.7701999883740617,0.7619037952503377,0.2285399457290252,0.1507005389606173,0.8197548356438562,238,2036,15357,124
STORM,3,IBk,BestFirst (backward),SMOTE,none,DEFAULT,0.5,0.30850047755491883,0.8922651933701657,0.45848119233498946,0.9583740585292934,0.9253196259497296,0.9247290493190914,0.510330328126934,0.44156003477011,0.9843986896360478,323,724,16669,39
STORM,3,RandomForest,none,none,CostSensitive,DEFAULT,0.5,0.6453488372093024,0.919889502762431,0.7585421412300684,0.9894785258437302,0.9546840143030806,0.9540497414351582,0.7650685143986674,0.7526135852936506,0.9930137163836471,333,183,17210,29
STORM,3,NaiveBayes,none,none,CostSensitive,DEFAULT,0.5,0.12692847124824685,0.5,0.20246085011185685,0.9284194791007877,0.7142097395503939,0.6813293913742411,0.2227774278246994,0.17565185307992817,0.8560712015661346,181,1245,16148,181
STORM,3,IBk,none,none,CostSensitive,DEFAULT,0.5,0.6466019417475728,0.919889502762431,0.7594070695553022,0.9895360202380268,0.9547127615002289,0.9540774589215874,0.7658371451784787,0.7535045918040041,0.9949382697617921,333,182,17211,29
STORM,4,RandomForest,none,none,none,DEFAULT,0.5,0.8783783783783784,0.372848948374761,0.5234899328859061,0.9984869711403754,0.6856679597575682,0.6101514706657596,0.5652090940061407,0.5152642576376302,0.8700098093472204,195,27,17818,328
STORM,4,NaiveBayes,none,none,none,DEFAULT,0.5,0.12916328188464662,0.30401529636711283,0.18129988597491448,0.9399271504623143,0.6219712234147136,0.534557977408715,0.16225574071885895,0.14721696318824232,0.7435773955352737,159,1072,16773,364
STORM,4,IBk,none,none,none,DEFAULT,0.5,0.8252032520325203,0.3881453154875717,0.5279583875162548,0.9975903614457832,0.6928678384666774,0.6222620232432108,0.5581209347004407,0.5191996121051582,0.8120781940514962,203,43,17802,320
STORM,4,RandomForest,BestFirst (backward),none,none,DEFAULT,0.5,0.839622641509434,0.3403441682600382,0.4843537414965986,0.9980947043989913,0.6692194363295147,0.5828342062829046,0.5270008829300498,0.4757425560641045,0.7923656920357851,178,34,17811,345
STORM,4,NaiveBayes,BestFirst (backward),none,none,DEFAULT,0.5,0.14205079962370648,0.2887189292543021,0.19041614123581335,0.9488932474082376,0.6188060883312698,0.5234151720845929,0.16924871467833036,0.15828970636782982,0.643025800565417,151,912,16933,372
STORM,4,IBk,BestFirst (backward),none,none,DEFAULT,0.5,0.8461538461538461,0.3575525812619503,0.5026881720430108,0.9980947043989913,0.6778236428304708,0.5973870921787167,0.5425378757060849,0.4941310610358646,0.7094110802228881,187,34,17811,336
STORM,4,RandomForest,none,SMOTE,none,DEFAULT,0.5,0.33500627352572143,0.5105162523900574,0.40454545454545454,0.9702998038666293,0.7404080281283434,0.7038137676721018,0.39251899884851127,0.38334240698975336,0.8613524041472485,267,530,17315,256
STORM,4,NaiveBayes,none,SMOTE,none,DEFAULT,0.5,0.12507977026164646,0.37476099426386233,0.1875598086124402,0.9231717567946204,0.6489663755292414,0.5881910960331417,0.17738843543609165,0.1513243061136431,0.7793842987227491,196,1371,16474,327
STORM,4,IBk,none,SMOTE,none,DEFAULT,0.5,0.3300970873786408,0.5200764818355641,0.4038604305864885,0.9690669655365649,0.7445717236860645,0.7099217830855189,0.3930225285798369,0.3823436988060867,0.8151885767981883,272,552,17293,251
STORM,4,RandomForest,BestFirst (backward),SMOTE,none,DEFAULT,0.5,0.21771523178807947,0.502868068833652,0.3038705950317735,0.947043989913141,0.7249560293733965,0.690100124842865,0.30188716232950125,0.27506072428945433,0.7212008869664259,263,945,16900,260
STORM,4,NaiveBayes,BestFirst (backward),SMOTE,none,DEFAULT,0.5,0.12012480499219969,0.4416826003824092,0.18887980376124283,0.9051835247968618,0.6734330625896355,0.6323004136133338,0.1884362393708614,0.1508634756610894,0.6358921925417889,231,1692,16153,292
STORM,4,IBk,BestFirst (backward),SMOTE,none,DEFAULT,0.5,0.2209767814251401,0.5277246653919694,0.3115124153498871,0.9454749229476044,0.7365997941697868,0.7063642384414874,0.3126317369851209,0.2827214395453343,0.6994778169996898,276,973,16872,247
STORM,4,RandomForest,none,none,CostSensitive,DEFAULT,0.5,0.5752212389380531,0.497131931166348,0.5333333333333334,0.9892406836648922,0.7431863074156201,0.7012725087001815,0.522141834061472,0.5206792747514226,0.8617045441760818,260,192,17653,263
STORM,4,NaiveBayes,none,none,CostSensitive,DEFAULT,0.5,0.12072575017445918,0.33078393881453155,0.1768916155419223,0.9293919865508545,0.6300879626826931,0.5544618490157405,0.16134686551270097,0.14105624665796637,0.7435225360510922,173,1260,16585,350
STORM,4,IBk,none,none,CostSensitive,DEFAULT,0.5,0.5572033898305084,0.502868068833652,0.528643216080402,0.9882880358643877,0.7455780523490199,0.7049670177012026,0.5162733199426969,0.5155564633170868,0.8120796405418017,263,209,17636,260
STORM,5,RandomForest,none,none,none,DEFAULT,0.5,0.6388888888888888,0.5168539325842697,0.5714285714285714,0.9986070931104682,0.757730512847369,0.7184246677145012,0.5728315273691962,0.5696018177833166,0.9863306715207726,46,26,18640,43
STORM,5,NaiveBayes,none,none,none,DEFAULT,0.5,0.018167456556082148,0.25842696629213485,0.03394833948339483,0.9334083360120005,0.5959176511520676,0.4911393738923514,0.052547229491808185,0.025305311005854536,0.8006045360368007,23,1243,17423,66
STORM,5,IBk,none,none,none,DEFAULT,0.5,0.33093525179856115,0.5168539325842697,0.40350877192982454,0.9950176792028287,0.7559358058935493,0.717132345168488,0.4101390236263755,0.4000373524191305,0.9183277412395547,46,93,18573,43
STORM,5,RandomForest,BestFirst (backward),none,none,DEFAULT,0.5,0.5873015873015873,0.4157303370786517,0.4868421052631579,0.9986070931104682,0.70716871509456,0.6443223288292494,0.4921263750870246,0.484815530369992,0.9418828561694218,37,26,18640,52
STORM,5,NaiveBayes,BestFirst (backward),none,none,DEFAULT,0.5,0.02119460500963391,0.24719101123595505,0.03904170363797692,0.9455694846244509,0.596380247930203,0.48346279804983844,0.05793551869491852,0.030567597428440875,0.7476042483058183,22,1016,17650,67
STORM,5,IBk,BestFirst (backward),none,none,DEFAULT,0.5,0.35,0.39325842696629215,0.3703703703703704,0.9965177327761706,0.6948880798712314,0.626010380134046,0.3678224897856124,0.3671926723080792,0.858095353325219,35,65,18601,54
STORM,5,RandomForest,none,SMOTE,none,DEFAULT,0.5,0.10983606557377049,0.7528089887640449,0.1917024320457797,0.9709096753455481,0.8618593320547965,0.8549324715310029,0.2803799817652315,0.18495188700397122,0.9793197871031509,67,543,18123,22
STORM,5,NaiveBayes,none,SMOTE,none,DEFAULT,0.5,0.02061211742660837,0.3707865168539326,0.039053254437869826,0.9159969998928533,0.643391758373393,0.5827858414880402,0.07053366508230598,0.030335005233203444,0.813370943023246,33,1568,17098,56
STORM,5,IBk,none,SMOTE,none,DEFAULT,0.5,0.08808290155440414,0.7640449438202247,0.15795586527293845,0.9622843672988322,0.8631646555595285,0.8574546666453665,0.25125486651449297,0.15072877478531665,0.934536987877978,68,704,17962,21
STORM,5,RandomForest,BestFirst (backward),SMOTE,none,DEFAULT,0.5,0.05930470347648262,0.651685393258427,0.10871602624179942,0.9507125254473374,0.8011989593528822,0.7871248096851352,0.18621104321325657,0.10089456328193733,0.9340280411298798,58,920,17746,31
STORM,5,NaiveBayes,BestFirst (backward),SMOTE,none,DEFAULT,0.5,0.020110608345902465,0.449438202247191,0.0384985563041386,0.8955855566270224,0.6725118794371068,0.6344370437868512,0.0770082960427721,0.029683899426518372,0.7435293636088929,40,1949,16717,49
STORM,5,IBk,BestFirst (backward),SMOTE,none,DEFAULT,0.5,0.05258386219401632,0.651685393258427,0.09731543624161072,0.9440158577092039,0.7978506254838155,0.7843477197476983,0.1740060828890433,0.08931766267174368,0.873266240246943,58,1045,17621,31
STORM,5,RandomForest,none,none,CostSensitive,DEFAULT,0.5,0.22758620689655173,0.7415730337078652,0.3482849604221636,0.9879995714132648,0.864786302560565,0.8559636905120482,0.4063642533199239,0.34351752456059986,0.982608528153694,66,224,18442,23
STORM,5,NaiveBayes,none,none,CostSensitive,DEFAULT,0.5,0.021067415730337078,0.33707865168539325,0.03965631196298744,0.9253187613843351,0.6311987065348642,0.5584847361089019,0.06807903284511906,0.031000706436400807,0.8006376431582026,30,1394,17272,59
STORM,5,IBk,none,none,CostSensitive,DEFAULT,0.5,0.1846590909090909,0.7303370786516854,0.29478458049886624,0.9846244508732455,0.8574807647624654,0.8480022081455838,0.3620659326463526,0.2894014947554925,0.9183144983909939,65,287,18379,24
STORM,6,RandomForest,none,none,none,DEFAULT,0.5,0.8142857142857143,0.5876288659793815,0.6826347305389222,0.9993138031142782,0.7934713345468298,0.7663064901732114,0.6904357595733079,0.6812736346312531,0.9459354670192881,57,13,18932,40
STORM,6,NaiveBayes,none,none,none,DEFAULT,0.5,0.01951219512195122,0.24742268041237114,0.03617181612660136,0.9363420427553444,0.5918823615838578,0.4813234442672851,0.053221415084876496,0.026983336951642473,0.7933282181463978,24,1206,17739,73
STORM,6,IBk,none,none,none,DEFAULT,0.5,0.7368421052631579,0.5773195876288659,0.6473988439306358,0.9989443124835049,0.7881319500561854,0.7594143260086539,0.650668701628616,0.645813627717698,0.9236471282850791,56,20,18925,41
STORM,6,RandomForest,BestFirst (backward),none,none,DEFAULT,0.5,0.828125,0.5463917525773195,0.6583850931677019,0.9994193718659277,0.7729055622216237,0.7389685393530282,0.6713675509855405,0.656995964427221,0.9583732617207162,53,11,18934,44
STORM,6,NaiveBayes,BestFirst (backward),none,none,DEFAULT,0.5,0.024342745861733205,0.25773195876288657,0.04448398576512456,0.9471100554235946,0.6024210070932405,0.4940653091933789,0.064557968327568,0.0355057095440151,0.7278516486954912,25,1002,17943,72
STORM,6,IBk,BestFirst (backward),none,none,DEFAULT,0.5,0.7878787878787878,0.5360824742268041,0.6380368098159509,0.9992610187384534,0.7676717464826288,0.7319059497802344,0.6484722507015124,0.6365374524189528,0.9662310595239066,52,14,18931,45
STORM,6,RandomForest,none,SMOTE,none,DEFAULT,0.5,0.14025500910746813,0.7938144329896907,0.23839009287925697,0.9750857746107152,0.884450103800203,0.8797938174873237,0.3271246666157159,0.23173830833352554,0.9428579202411757,77,472,18473,20
STORM,6,NaiveBayes,none,SMOTE,none,DEFAULT,0.5,0.021957340025094103,0.36082474226804123,0.04139562389118864,0.9177091580892056,0.6392669501786234,0.5754408487799234,0.07159690481012321,0.03210030633926662,0.8047775301809633,35,1559,17386,62
STORM,6,IBk,none,SMOTE,none,DEFAULT,0.5,0.14107142857142857,0.8144329896907216,0.24048706240487064,0.9746107152282925,0.8945218524595071,0.8909293566764936,0.332480159952876,0.23383379748062288,0.93616328329701,79,481,18464,18
STORM,6,RandomForest,BestFirst (backward),SMOTE,none,DEFAULT,0.5,0.08568329718004339,0.8144329896907216,0.15505397448478903,0.9555027711797308,0.8849678804352262,0.8821524690152364,0.25535425933330147,0.1471926295700422,0.9567200768366378,79,843,18102,18
STORM,6,NaiveBayes,BestFirst (backward),SMOTE,none,DEFAULT,0.5,0.02059266700150678,0.422680412371134,0.039272030651340994,0.897070467141726,0.65987543975643,0.6157711547136896,0.07439339224761009,0.029847276242702125,0.7265807424095251,41,1950,16995,56
STORM,6,IBk,BestFirst (backward),SMOTE,none,DEFAULT,0.5,0.08306364617044229,0.7938144329896907,0.15039062500000003,0.9551332805489575,0.8744738567693241,0.8707459925423452,0.24775682958086775,0.14248179399011385,0.9626917854995334,77,850,18095,20
STORM,6,RandomForest,none,none,CostSensitive,DEFAULT,0.5,0.2695035460992908,0.7835051546391752,0.40105540897097625,0.9891264185801003,0.8863157866096378,0.8803326913998452,0.45537024795373277,0.3964804159609922,0.944790807900243,76,206,18739,21
STORM,6,NaiveBayes,none,none,CostSensitive,DEFAULT,0.5,0.020538243626062325,0.29896907216494845,0.03843605036447979,0.9269992082343627,0.6129841401996555,0.5264447674575835,0.061395585886044775,0.02918112679174144,0.7934503840471467,29,1383,17562,68
STORM,6,IBk,none,none,CostSensitive,DEFAULT,0.5,0.2604166666666667,0.7731958762886598,0.3896103896103897,0.988756927949327,0.8809764021189934,0.8743584958941402,0.44444501965699895,0.384922789417014,0.9236512095512511,75,213,18732,22
STORM,7,RandomForest,none,none,none,DEFAULT,0.5,0.15789473684210525,0.3559322033898305,0.21875,0.9946874110615691,0.6753098072256998,0.5950136821143446,0.2339375532486738,0.21571764994517323,0.9649480076987518,21,112,20970,38
STORM,7,NaiveBayes,none,none,none,DEFAULT,0.5,0.010030864197530864,0.22033898305084745,0.01918819188191882,0.9391423963570819,0.5797406897039646,0.4548952412954606,0.03507226720953812,0.013923989458932466,0.7907368162091848,13,1283,19799,46
STORM,7,IBk,none,none,none,DEFAULT,0.5,0.08928571428571429,0.423728813559322,0.14749262536873156,0.9879043733991082,0.7058165934792151,0.6469957867331669,0.18995280652823524,0.14354423803776004,0.873510055167956,25,255,20827,34
STORM,7,RandomForest,BestFirst (backward),none,none,DEFAULT,0.5,0.12,0.3050847457627119,0.17224880382775118,0.9937387344654207,0.6494117401140663,0.5506128668664962,0.18781679960343498,0.16891956837544567,0.9410851734711434,18,132,20950,41
STORM,7,NaiveBayes,BestFirst (backward),none,none,DEFAULT,0.5,0.012218045112781954,0.22033898305084745,0.023152270703472838,0.950147044872403,0.5852430139616253,0.45755265665926714,0.041138692005738865,0.0179589157102551,0.7857916384609571,13,1051,20031,46
STORM,7,IBk,BestFirst (backward),none,none,DEFAULT,0.5,0.08636363636363636,0.3220338983050847,0.13620071684587812,0.9904658002087089,0.6562498492568968,0.5647685922385165,0.16245345525036003,0.132382123156565,0.783293322763897,19,201,20881,40
STORM,7,RandomForest,none,SMOTE,none,DEFAULT,0.5,0.027331189710610933,0.576271186440678,0.05218726016884114,0.9426050659330234,0.7594381261868507,0.7370184120428857,0.11631660421966684,0.04710946169900906,0.9527546995669854,34,1210,19872,25
STORM,7,NaiveBayes,none,SMOTE,none,DEFAULT,0.5,0.011396011396011397,0.3389830508474576,0.02205071664829107,0.9177023052841287,0.6283426780657931,0.5577504165977457,0.04907952361549827,0.01674108722920598,0.8025305546220649,20,1735,19347,39
STORM,7,IBk,none,SMOTE,none,DEFAULT,0.5,0.027967681789931635,0.7627118644067796,0.053956834532374105,0.9258134901811972,0.8442626772939884,0.8403147822031032,0.13697788872027122,0.04883563081528074,0.9234140619598372,45,1564,19518,14
STORM,7,RandomForest,BestFirst (backward),SMOTE,none,DEFAULT,0.5,0.014712245781047165,0.576271186440678,0.028691983122362867,0.8919931695285077,0.7341321779845928,0.7169588287350773,0.07916767274012478,0.023376592206627796,0.8960632333149494,34,2277,18805,25
STORM,7,NaiveBayes,BestFirst (backward),SMOTE,none,DEFAULT,0.5,0.0107981220657277,0.3898305084745763,0.0210141617176793,0.9000569205957689,0.6449437145351726,0.592342508192608,0.05080646869604976,0.01566812581039254,0.7892450624599023,23,2107,18975,36
STORM,7,IBk,BestFirst (backward),SMOTE,none,DEFAULT,0.5,0.015706806282722512,0.6610169491525424,0.03068450039339103,0.8840717199506688,0.7725443345516056,0.76445169314603,0.08931577284398579,0.025370799882082736,0.8397753565978849,39,2444,18638,20
STORM,7,RandomForest,none,none,CostSensitive,DEFAULT,0.5,0.028169014084507043,0.4745762711864407,0.05318138651471985,0.9541789204060336,0.7143775957962372,0.6729269455825045,0.10685452464690502,0.04816633317800342,0.9552863797375543,28,966,20116,31
STORM,7,NaiveBayes,none,none,CostSensitive,DEFAULT,0.5,0.010512483574244415,0.2711864406779661,0.020240354206198612,0.9285646523100275,0.5998755464939968,0.5018108637717297,0.04076855464836084,0.014947393276897376,0.7907283745954055,16,1506,19576,43
STORM,7,IBk,none,none,CostSensitive,DEFAULT,0.5,0.027051397655545536,0.5084745762711864,0.05136986301369863,0.9488188976377953,0.7286467369544909,0.6945864143031248,0.10820541251216315,0.046315693303910076,0.8735615088138488,30,1079,20003,29
STORM,8,RandomForest,none,none,none,DEFAULT,0.5,0.4897959183673469,0.42857142857142855,0.45714285714285713,0.9988262910798122,0.7136988598256204,0.6542693714845412,0.4568323212006653,0.45581100920385104,0.9373738262910798,24,25,21275,32
STORM,8,NaiveBayes,none,none,none,DEFAULT,0.5,0.010132501948558068,0.23214285714285715,0.019417475728155338,0.9403755868544601,0.5862592219986587,0.4672274344682527,0.03712785652741743,0.01446507006821384,0.7890656438631791,13,1270,20030,43
STORM,8,IBk,none,none,none,DEFAULT,0.5,0.33783783783783783,0.44642857142857145,0.38461538461538464,0.9976995305164319,0.7220640509725017,0.6673841293613499,0.3865182367753056,0.3827727825803013,0.8548985580147552,25,49,21251,31
STORM,8,RandomForest,BestFirst (backward),none,none,DEFAULT,0.5,0.3225806451612903,0.35714285714285715,0.3389830508474576,0.9980281690140845,0.6775855130784708,0.5970248167293756,0.33759567615544933,0.33715655470770717,0.8870409959758552,20,42,21258,36
STORM,8,NaiveBayes,BestFirst (backward),none,none,DEFAULT,0.5,0.01431297709923664,0.26785714285714285,0.02717391304347826,0.9515023474178403,0.6096797451374916,0.5048432431965463,0.051930920987004976,0.022306558052362944,0.8084310026827632,15,1033,20267,41
STORM,8,IBk,BestFirst (backward),none,none,DEFAULT,0.5,0.27848101265822783,0.39285714285714285,0.3259259259259259,0.9973239436619719,0.6950905432595573,0.6259439551669626,0.3286860607998553,0.3238508502504325,0.7980130784708249,22,57,21243,34
STORM,8,RandomForest,none,SMOTE,none,DEFAULT,0.5,0.03343465045592705,0.5892857142857143,0.06327900287631831,0.9552112676056338,0.772248490945674,0.7502615238200266,0.1326281957594624,0.05860701277995879,0.9061506539235412,33,954,20346,23
STORM,8,NaiveBayes,none,SMOTE,none,DEFAULT,0.5,0.01195219123505976,0.375,0.023166023166023165,0.9184976525821597,0.6467488262910799,0.5868872291320624,0.05462426547197406,0.018175963621906398,0.7895573440643863,21,1736,19564,35
STORM,8,IBk,none,SMOTE,none,DEFAULT,0.5,0.0380952380952381,0.6428571428571429,0.07192807192807195,0.9573239436619718,0.8000905432595573,0.7844887094224287,0.14925128365183546,0.06731029419811754,0.8794550637156271,36,909,20391,20
STORM,8,RandomForest,BestFirst (backward),SMOTE,none,DEFAULT,0.5,0.020652898067954697,0.5535714285714286,0.03982016698779705,0.9309859154929577,0.7422786720321932,0.7178908017375037,0.09694015362374049,0.03494101836643192,0.845601106639839,31,1470,19830,25
STORM,8,NaiveBayes,BestFirst (backward),SMOTE,none,DEFAULT,0.5,0.011715089034676664,0.44642857142857145,0.0228310502283105,0.9009859154929577,0.6737072434607646,0.6342127837964043,0.05924275484934017,0.017811750332554804,0.7942157109322602,25,2109,19191,31
STORM,8,IBk,BestFirst (backward),SMOTE,none,DEFAULT,0.5,0.021400778210116732,0.5892857142857143,0.04130162703379224,0.9291549295774648,0.7592203219315896,0.7399579220186435,0.10243646675530833,0.03642531948345493,0.8342928403755868,33,1509,19791,23
STORM,8,RandomForest,none,none,CostSensitive,DEFAULT,0.5,0.0610236220472441,0.5535714285714286,0.10992907801418439,0.977605633802817,0.7655885311871228,0.7356456669373526,0.17826212228719532,0.10570469126838601,0.9083278839704896,31,477,20823,25
STORM,8,NaiveBayes,none,none,CostSensitive,DEFAULT,0.5,0.010767160161507403,0.2857142857142857,0.020752269779507133,0.9309859154929577,0.6083501006036217,0.5157479770732317,0.04355467641288124,0.015778042834138514,0.7890543259557344,16,1470,19830,40
STORM,8,IBk,none,none,CostSensitive,DEFAULT,0.5,0.058823529411764705,0.5535714285714286,0.10634648370497427,0.9767136150234742,0.7651425217974515,0.7353099694507813,0.1748049296202098,0.10208978330671774,0.8548985580147552,31,496,20804,25
STORM,9,RandomForest,none,none,none,DEFAULT,0.5,0.1686746987951807,0.2828282828282828,0.2113207547169811,0.993819973130318,0.6383241279793004,0.5301701580067459,0.21396562583214976,0.20693518341035388,0.7623935277540294,28,138,22192,71
STORM,9,NaiveBayes,none,none,none,DEFAULT,0.5,0.022540983606557378,0.2222222222222222,0.04093023255813954,0.9572772055530676,0.5897497138876449,0.4612247477105729,0.05832518191910608,0.03318130371415582,0.7281493845757169,22,954,21376,77
STORM,9,IBk,none,none,none,DEFAULT,0.5,0.11567164179104478,0.31313131313131315,0.16893732970027248,0.9893864755933721,0.6512588943623426,0.5566038863472969,0.18456561840721775,0.16354512306167568,0.6998801268393745,31,237,22093,68
STORM,9,RandomForest,BestFirst (backward),none,none,DEFAULT,0.5,0.09205020920502092,0.2222222222222222,0.1301775147928994,0.990282131661442,0.6062521769418321,0.46910840530176484,0.13719939293009062,0.12471381847915025,0.7408591060628679,22,217,22113,77
STORM,9,NaiveBayes,BestFirst (backward),none,none,DEFAULT,0.5,0.025570776255707764,0.2828282828282828,0.04690117252931324,0.952216748768473,0.6175225157983779,0.5189545528603806,0.0723052495468412,0.039122001477520645,0.7412293558061583,28,1067,21263,71
STORM,9,IBk,BestFirst (backward),none,none,DEFAULT,0.5,0.0932475884244373,0.29292929292929293,0.14146341463414633,0.9873712494402149,0.640150271184754,0.5378010430979422,0.15890324845198156,0.13567568088324172,0.6359793637223105,29,282,22048,70
STORM,9,RandomForest,none,SMOTE,none,DEFAULT,0.5,0.012994862496222424,0.43434343434343436,0.025234741784037555,0.8537393640841917,0.644041399213813,0.6089467032758348,0.053850155086940334,0.016807391118175165,0.7296839872074982,43,3266,19064,56
STORM,9,NaiveBayes,none,SMOTE,none,DEFAULT,0.5,0.02146690518783542,0.36363636363636365,0.040540540540540536,0.9265114196148679,0.6450738916256158,0.5804422826572128,0.07312816991610752,0.03247548507718306,0.7173334328506742,36,1641,20689,63
STORM,9,IBk,none,SMOTE,none,DEFAULT,0.5,0.011277209546289012,0.43434343434343436,0.021983640081799594,0.8311688311688312,0.6327561327561328,0.6008433445159298,0.04685651231123064,0.013495307371053075,0.7143022251172721,43,3770,18560,56
STORM,9,RandomForest,BestFirst (backward),SMOTE,none,DEFAULT,0.5,0.009028794533918985,0.37373737373737376,0.017631641648796763,0.8181370353784146,0.5959372045578942,0.5529632781293976,0.032915462248844604,0.009090374389477622,0.7013450673325281,37,4061,18269,62
STORM,9,NaiveBayes,BestFirst (backward),SMOTE,none,DEFAULT,0.5,0.018613861386138613,0.47474747474747475,0.035823170731707314,0.8890282131661442,0.6818878439568095,0.6496644512206949,0.07629476800271216,0.027562515009747438,0.7353702723608679,47,2478,19852,52
STORM,9,IBk,BestFirst (backward),SMOTE,none,DEFAULT,0.5,0.010580819450697884,0.47474747474747475,0.020700286280554946,0.803179579041648,0.6389635268945614,0.6175009934556884,0.04623002603719425,0.012169981445980619,0.6831374651123867,47,4395,17935,52
STORM,9,RandomForest,none,none,CostSensitive,DEFAULT,0.5,0.05547850208044383,0.40404040404040403,0.09756097560975609,0.9695029108822212,0.6867716574613126,0.6258740670703655,0.14038651352179354,0.09050139782833472,0.7514712734148471,40,681,21649,59
STORM,9,NaiveBayes,none,none,CostSensitive,DEFAULT,0.5,0.02434928631402183,0.29292929292929293,0.04496124031007752,0.9479623824451411,0.6204458376872171,0.5269591544068887,0.07121493167696784,0.03711335780367801,0.728129028755988,29,1162,21168,70
STORM,9,IBk,none,none,CostSensitive,DEFAULT,0.5,0.04314159292035398,0.3939393939393939,0.07776669990029911,0.9612628750559785,0.6776011344976862,0.6153692504634851,0.11972418652487027,0.07037008741426742,0.6998172499739898,39,865,21465,60
STORM,10,RandomForest,none,none,none,DEFAULT,0.5,0.9516129032258065,0.37341772151898733,0.5363636363636364,0.9998666014495976,0.6866421614842925,0.611038385157792,0.5946309012745038,0.5345332867999805,0.8465452308329642,59,3,22486,99
STORM,10,NaiveBayes,none,none,none,DEFAULT,0.5,0.0425531914893617,0.24050632911392406,0.07231208372978115,0.9619814131353106,0.6012438711246173,0.48100168227252466,0.08659983452237506,0.06118178935891724,0.7174054432237195,38,855,21634,120
STORM,10,IBk,none,none,none,DEFAULT,0.5,0.8,0.379746835443038,0.5150214592274679,0.9993330072479879,0.6895399213455129,0.6160304757527812,0.5491976306533277,0.512833399104635,0.7841411638094798,60,15,22474,98
STORM,10,RandomForest,BestFirst (backward),none,none,DEFAULT,0.5,0.5952380952380952,0.31645569620253167,0.4132231404958678,0.9984881497621059,0.6574719229823187,0.5621185485135185,0.4312297131978923,0.4103673797173838,0.8107762669907257,50,34,22455,108
STORM,10,NaiveBayes,BestFirst (backward),none,none,DEFAULT,0.5,0.038461538461538464,0.25316455696202533,0.06677796327212021,0.955533816532527,0.6043491867472761,0.4918407214990341,0.08298866425641153,0.05533520684253351,0.702247821860589,40,1000,21489,118
STORM,10,IBk,BestFirst (backward),none,none,DEFAULT,0.5,0.4098360655737705,0.31645569620253167,0.35714285714285715,0.9967984347903419,0.6566270654964368,0.5616427179757355,0.3562034384681346,0.3532106074183856,0.7398232947640787,50,72,22417,108
STORM,10,RandomForest,none,SMOTE,none,DEFAULT,0.5,0.04190919674039581,0.45569620253164556,0.07675906183368869,0.9268086620125394,0.6912524322720925,0.6498793639996192,0.12024437232203071,0.06480908656638862,0.7972550293223523,72,1646,20843,86
STORM,10,NaiveBayes,none,SMOTE,none,DEFAULT,0.5,0.03678929765886288,0.34810126582278483,0.06654567453115548,0.935968695806839,0.6420349808148119,0.5707993410830654,0.09522316516331908,0.054615321329766486,0.7175202672924204,55,1440,21049,103
STORM,10,IBk,none,SMOTE,none,DEFAULT,0.5,0.041383219954648526,0.4620253164556962,0.07596253902185224,0.9248076837565031,0.6934165001060997,0.6536700717856507,0.1201410427795959,0.063975586750884,0.7756795023840066,73,1691,20798,85
STORM,10,RandomForest,BestFirst (backward),SMOTE,none,DEFAULT,0.5,0.03487792725460887,0.4430379746835443,0.06466512702078522,0.9138690026235048,0.6784534886535245,0.6363007716861486,0.10452980042218861,0.05240804079745912,0.7370217844898574,70,1937,20552,88
STORM,10,NaiveBayes,BestFirst (backward),SMOTE,none,DEFAULT,0.5,0.03123662815575524,0.4620253164556962,0.05851703406813628,0.8993285606296412,0.6806769385426688,0.6446026394784277,0.09886942685667494,0.04604921373545833,0.6840009264726328,73,2264,20225,85
STORM,10,IBk,BestFirst (backward),SMOTE,none,DEFAULT,0.5,0.03347680535628886,0.4430379746835443,0.062249888839484215,0.9101338432122371,0.6765859089478907,0.6349990980999106,0.10154378221889579,0.04992454400428078,0.7146576863738165,70,2021,20468,88
STORM,10,RandomForest,none,none,CostSensitive,DEFAULT,0.5,0.20526315789473684,0.4936708860759494,0.2899628252788104,0.9865712125928232,0.7401210493343863,0.6978835753173468,0.31120831422414275,0.28289541633185505,0.8092487973023098,78,302,22187,80
STORM,10,NaiveBayes,none,none,CostSensitive,DEFAULT,0.5,0.04121863799283154,0.2911392405063291,0.07221350078492936,0.9524211836898039,0.6217802120980664,0.5265806491522343,0.09366042835554114,0.06073301603789834,0.7173986888667371,46,1070,21419,112
STORM,10,IBk,none,none,CostSensitive,DEFAULT,0.5,0.2010178117048346,0.5,0.2867513611615245,0.9860376183912135,0.7430188091956067,0.7021529813335601,0.3098012621645142,0.2795816423241448,0.7841012005306673,79,314,22175,79
STORM,11,RandomForest,none,none,none,DEFAULT,0.5,0.828125,0.375886524822695,0.5170731707317073,0.9995208850559694,0.6877037049393322,0.612948963594354,0.5562824503654411,0.5152255921204874,0.9694529471129386,53,11,22948,88
STORM,11,NaiveBayes,none,none,none,DEFAULT,0.5,0.037714285714285714,0.23404255319148937,0.06496062992125984,0.9633259288296528,0.598684241010571,0.4748255047265837,0.08052651976637573,0.055025545960120506,0.7330643987941502,33,842,22117,108
STORM,11,IBk,none,none,none,DEFAULT,0.5,0.43902439024390244,0.3829787234042553,0.4090909090909091,0.9969946426238077,0.6899866830140315,0.6179221111701276,0.406667980103735,0.4057107574664678,0.9203504613064485,54,69,22890,87
STORM,11,RandomForest,BestFirst (backward),none,none,DEFAULT,0.5,0.45614035087719296,0.18439716312056736,0.26262626262626265,0.9986497669759136,0.5915234650482405,0.4291249048719663,0.2873700822433702,0.2600257233541517,0.8202131212006355,26,31,22928,115
STORM,11,NaiveBayes,BestFirst (backward),none,none,DEFAULT,0.5,0.05923836389280677,0.2978723404255319,0.0988235294117647,0.9709482120301407,0.6344102762278363,0.5377904948485085,0.12139160318540695,0.08955268575937765,0.7760709114829735,42,667,22292,99
STORM,11,IBk,BestFirst (backward),none,none,DEFAULT,0.5,0.375,0.14893617021276595,0.2131979695431472,0.9984755433599024,0.5737058567863342,0.38562821924638035,0.23347752893667864,0.21045807323986143,0.7261949222465333,21,35,22924,120
STORM,11,RandomForest,none,SMOTE,none,DEFAULT,0.5,0.06682577565632458,0.5957446808510638,0.12017167381974249,0.9489089246047302,0.772326802727897,0.7518693001083174,0.18701766981400034,0.11040702612196622,0.9311725589155383,84,1173,21786,57
STORM,11,NaiveBayes,none,SMOTE,none,DEFAULT,0.5,0.0321285140562249,0.3404255319148936,0.058715596330275226,0.9370181628119691,0.6387218473634314,0.5647874879006979,0.08786145987715618,0.048097109951399916,0.7255150176741209,48,1446,21513,93
STORM,11,IBk,none,SMOTE,none,DEFAULT,0.5,0.058704453441295545,0.6170212765957447,0.10720887245841035,0.9392395139161114,0.778130395255928,0.7612691796635969,0.1768205067667841,0.09714453844181847,0.9219224896431165,87,1395,21564,54
STORM,11,RandomForest,BestFirst (backward),SMOTE,none,DEFAULT,0.5,0.018780699219878648,0.46099290780141844,0.03609106052193226,0.8520841500065334,0.6565385289039759,0.6267413740954173,0.06832455305747166,0.024650287233894584,0.7272873722784896,65,3396,19563,76
STORM,11,NaiveBayes,BestFirst (backward),SMOTE,none,DEFAULT,0.5,0.02433304016417473,0.5886524822695035,0.046734234234234236,0.855045951478723,0.7218492168741133,0.7094539603049937,0.09741397087922599,0.035426351822653315,0.7651570684590694,83,3328,19631,58
STORM,11,IBk,BestFirst (backward),SMOTE,none,DEFAULT,0.5,0.02005156115726153,0.49645390070921985,0.038546255506607924,0.8509952524064637,0.6737245765578418,0.6499845479257303,0.07555699030279298,0.027130737601800146,0.7053253116332259,70,3421,19538,71
STORM,11,RandomForest,none,none,CostSensitive,DEFAULT,0.5,0.26358695652173914,0.6879432624113475,0.381139489194499,0.9881963500152445,0.8380698062132961,0.8245138088185504,0.4206100908803104,0.37562874738590324,0.962406312331665,97,271,22688,44
STORM,11,NaiveBayes,none,none,CostSensitive,DEFAULT,0.5,0.037852112676056336,0.3049645390070922,0.06734534064212999,0.9523933969249532,0.6286789679660227,0.5389306200677568,0.0926997839403398,0.057105631888412965,0.7330421574814678,43,1093,21866,98
STORM,11,IBk,none,none,CostSensitive,DEFAULT,0.5,0.2398190045248869,0.75177304964539,0.36363636363636365,0.9853652162550633,0.8685691329502268,0.8606805526085496,0.4190955756738331,0.35769160203185607,0.9202916144999767,106,336,22623,35
